pumped,st_smiles
1,CC1(CSc2ccccc2C(=O)OCCOc2cccc(Br)c2)NC(=O)NC1=O
1,CCOCc1nnc(NC(=O)c2sc3ccccc3c2Cl)s1
0,Cc1ccccc1N1CCN(Cc2ccc(O)c3ncccc23)CC1
1,Cc1cc(NC(=O)c2cc(C3CC3)on2)nn1Cc1ccc(Cl)cc1
1,COc1c(OC(C)=O)ccc(C=Cc2ccc3ccccc3n2)c1[N+](=O)[O-]
1,CC(C)(C)c1ccc(COC(=O)C2CCCN(c3ncccn3)C2)cc1
1,Cc1cccc(N(Cc2ccccc2)C(=O)Cn2cnc(C#N)n2)c1
1,CC(=O)c1cccc(Nc2c([N+](=O)[O-])nn(-c3cccc(Cl)c3)[n+]2[O-])c1
1,Fc1ccc(NC(=S)Nc2cccnc2)cc1Cl
1,Cc1ccc2c(c1)C(=O)C(=O)N2CCCOc1ccccc1C
1,CC(=NNC(=O)c1ccccc1O)c1ccc2ccccc2c1O
1,CC(=O)N1C=Cc2ccccc2C1CC(=O)Nc1nc(-c2ccccn2)cs1
1,CSc1sc(NC(=O)Nc2ccc(F)c(Cl)c2)c(-c2ccc(Cl)cc2)c1C#N
1,O=C(NNC(=O)c1cc2ccccc2s1)c1ccccn1
0,Cc1c(-c2ccccc2)sc2ncnc(Sc3nnnn3CC3CCCO3)c12
1,Cc1ccc(Nc2cc(C)nn2-c2nc(C)cc(=O)[nH]2)cc1
1,O=C1C=CC(=O)c2ccccc21
1,O=C(Cn1c(=O)ccn(Cc2ccccc2)c1=O)Nc1ccc(S(=O)(=O)Nc2nccs2)cc1
1,O=c1[nH]c(-c2ccccn2)nc2sc(-c3ccccc3)cc12
1,O=C(O)c1ccccc1NS(=O)(=O)c1cc(Cl)ccc1Cl
1,N=C1N=C(Nc2ccc(Cl)c(Cl)c2)c2ccccc21
1,O=C(Nc1nc2nc(-c3ccccc3)cc(C(F)(F)F)c2s1)c1cnccn1
1,O=C(Nc1nc2ccccc2c(=O)s1)c1ccccc1
1,O=C(COC(=O)c1cc(F)c(F)cc1Cl)c1ccc2c(c1)OCCO2
0,CCOC(=O)C1CCCN(Cc2cc(Cl)c3cccnc3c2O)C1
0,CCCCn1c(=O)c(C(=O)NCc2ccc(F)cc2)c(O)c2ccccc21
1,Oc1c(Cl)c(Cl)c(Cl)c(Cl)c1Cl
1,N#CC(=NNc1ccc(C(F)(F)F)cc1)S(=O)(=O)c1cccs1
1,Cc1ccc(NS(=O)(=O)c2cc(C)c(C)cc2[N+](=O)[O-])c(C(=O)O)c1
1,CCCC(=O)Nc1nc2ccc(NC(=O)c3ccc([N+](=O)[O-])o3)cc2s1
0,CCOC(=O)c1cc(-c2ccc(N3CCOCC3)cc2)nn1-c1ccccc1C(=O)O
0,CCC(=O)NC(c1ccccc1Cl)c1cc([N+](=O)[O-])c2cccnc2c1O
1,O=C(CCc1ccc(O)cc1)NN=Cc1cc(Cl)cc(Cl)c1O
1,COc1ccc(Cl)cc1C(=O)Nc1nc(-c2ccccn2)cs1
1,N#Cc1c(N=Cc2cc(I)cc(I)c2O)sc2c1CCN(Cc1ccccc1)C2
1,O=[N+]([O-])c1ccc(S(=O)(=O)Nc2cc(Cl)c(Cl)cc2Cl)cc1
1,Cn1cc(-c2ncc(C(=O)C(C#N)c3nc4ccccc4o3)s2)cn1
1,Cc1ccccc1-c1noc(Cn2ncc(Cl)c(Cl)c2=O)n1
1,Cc1cccnc1Nc1nc(-c2ccccn2)cs1
0,CCOC(=O)c1c(-c2ccccc2)csc1N=Cc1ccc([N+](=O)[O-])o1
1,O=C(Nc1ccccc1N1CCOCC1)c1cccc(-c2cc3ccccc3oc2=O)c1
0,Oc1cc(-c2ccc(F)cc2)nn1-c1nc2ccccc2[nH]1
1,O=C(Nc1ccccc1)c1nnc(C(Cl)=Cc2cc(Cl)c3c(c2)OCO3)s1
0,O=[N+]([O-])c1cnc(-n2cccc2)s1
1,O=C(Nc1nn2cc(-c3ccccc3)nc2s1)C1COc2ccccc2O1
1,CC(NC(=O)Nc1cccc(C(F)(F)F)c1)c1nc2ccccc2[nH]1
1,O=C(CCC(=O)N1CCC(c2ccccc2)=N1)N1CCC(n2ccnn2)CC1
1,O=C(Nc1ccccc1)Nc1nnc(C(F)(F)F)s1
1,O=C(Nc1cccc([N+](=O)[O-])c1)N1CC=C(c2ccc(O)cc2)CC1
1,O=c1[nH]c(-c2nnc[nH]2)nc2ccsc12
1,O=C(Cc1c[nH]c2ccccc12)Nc1nc(-c2ccccn2)cs1
1,Cc1c(C(=O)NNC(=S)Nc2ccc(Cl)cc2)nc2ccccn12
1,Clc1nnc(-c2ccccc2)c(-c2ccccc2)n1
1,O=C(COc1ccc(Cl)cc1C1CCCCC1)Nc1nnc2ccccn12
1,O=C(NNC(=S)Nc1cccc(C(F)(F)F)c1)c1cccn1-c1ccc(F)cc1
1,O=C1NC(c2cnn(-c3ccccc3)n2)Nc2ccccc21
1,O=C(NNC(=O)c1cc(Cl)ccc1O)Nc1cccc(C(F)(F)F)c1
0,Oc1cc(O)c2ncccc2c1
1,CN(CC(=O)Nc1nnc(-c2ccccc2)o1)Cc1ccccc1C(F)(F)F
0,O=C(CC(=O)c1ccccc1)CC(=O)c1ccc(Cl)cc1
0,O=CC1C(=O)c2ccccc2-c2ccccc21
1,O=C(NNC(=O)c1n[nH]c(=O)c2ccccc12)c1nn(-c2ccccc2)cc1O
1,CSc1cccc(Nc2nc(C(C)(C)C)cs2)c1
0,Cc1cc(C)nc(NS(=O)(=O)c2ccc(NC(=O)Nc3ccsc3)cc2)n1
1,CCOC(=O)c1ccc(NC(=S)NNC(=O)c2ccc([N+](=O)[O-])c(C)c2)cc1
1,COc1cc2c(cc1OC)C(c1ccccc1)N(C(=O)c1nc3nc(C)cc(C)n3n1)CC2
1,Cc1nc(-c2nnc[nH]2)sc1C(=O)NC(C)C1CC2CCC1C2
1,COc1ccc(-c2nc(NC(=O)c3ccc4[nH]cnc4c3)sc2C)cc1
0,Nc1ccc2oc(Cc3ccc(Cl)cc3)nc2c1
0,[NH+3][Pt]([NH+3])([Cl])[Cl]
1,CCOc1ccc(N2CC(C(=O)Nc3ccccc3C(=O)Nc3nnc(CC)s3)CC2=O)cc1
1,COc1ccc(-c2cc(Nc3ccc4nnnn4n3)ccc2OC)cc1
1,COc1ccc(C(=O)CC(=O)C(=O)NCCc2ccc(Cl)cc2)cc1
1,O=C(CN1C(=O)CCCc2sccc21)NNC(=O)c1ccc2ccccc2n1
1,CCC(C(=O)Nc1ccccc1F)N1CCN(Cc2ccccc2Cl)S1(=O)=O
0,CC(=O)NC(C=Cc1ccccc1)c1cc([N+](=O)[O-])c2cccnc2c1O
1,COc1ccc(C(=O)NN=Cc2cc(Cl)cc(Cl)c2O)cc1
0,CCCOCc1cc(CN2CCN(c3ccccc3OC)CC2)c(O)c2ncccc12
0,O=C(O)c1cc[c]([Hg][Cl])cc1
1,CC(C)N=c1ccccn1C(=O)c1cc(-c2cccnc2)nc2nc(N3CCCC3)sc12
1,N#Cc1cccc(NC(=O)c2ccc(N3CCC4(CC3)OCCO4)c([N+](=O)[O-])c2)c1
1,CC(C)NS(=O)(=O)c1cc(C(=O)O)cc(-n2cc3c(n2)CCC3)c1
1,CCn1c(NC(=O)c2sc(-c3ccccn3)nc2C)nc2ccccc21
1,O=C1NC(=O)c2c(NC(=O)C34CC5CC(CC(Cl)(C5)C3)C4)cccc21
0,COc1ccc(S(=O)(=O)Nc2ccc(F)cc2C(=O)O)cc1Cl
1,O=C(N[C@@H](Cc1ccccc1)C(=O)CCl)OCc1ccccc1
1,Cc1csc(NC(=O)c2csc(COc3ccc(F)cc3)n2)n1
0,Cc1cc(NC(c2cccc([N+](=O)[O-])c2)c2ccc3cccnc3c2O)no1
1,COc1ccccc1NC(=O)N1c2ccc(F)cc2CCC1C
1,CCc1ccc(NC(=O)C(=O)NCCN2CCN(C(=O)c3ccccc3Br)CC2)cc1
1,O=C(OCc1nc2cc([N+](=O)[O-])ccc2[nH]1)c1ccc(Cl)cc1Cl
0,CCN1CCN(C(=O)N[C@@H](C(=O)N[C@@H]2C(=O)N3C(C(=O)O)=C(CSc4nnnn4C)CS[C@H]23)c2ccc(O)cc2)C(=O)C1=O
1,Cc1nc(-c2ccccc2)sc1C(=O)NNC(=O)Cn1c(=O)oc2ccccc21
1,CC(=O)c1ccc(OC(=O)Nc2ccc(Cl)c(Cl)c2)cc1
1,O=C(Nc1nc(-c2ccccn2)cs1)c1ccc(N2CCCCC2)c([N+](=O)[O-])c1
0,O=C(Nc1cccc(-c2nc3ncccc3o2)c1)c1ccc([N+](=O)[O-])o1
1,COc1ccc(C=CC(=O)Nc2nc(-c3ccccn3)cs2)cc1
0,NNc1cc(C(F)(F)F)ccc1Cl
1,CC(=O)c1sc(NC(=O)c2cnn(-c3ccccc3)n2)nc1-c1ccccc1
1,CC(C)(C)c1nnc2c(-c3nc4ccccc4s3)c(N)[nH]n2c1=O
1,O=c1oc2c(-c3ccc(Cl)cc3)cc(O)cc2s1
0,O=C(Nc1nc(-c2ccccn2)cs1)c1cnn(-c2ccccc2)n1
0,Oc1c(C(c2ccccn2)N2CCCCC2)ccc2cccnc12
1,COc1cc([N+](=O)[O-])ccc1-c1ccc(C=C(C#N)C(N)=O)o1
0,N#CC(C#N)=Cc1ccc([N+](=O)[O-])s1
1,NC(=O)c1ccccc1Oc1ncnc2sc(-c3ccccc3)cc12
0,CCCCNc1ccc2cccc(O)c2n1
1,COc1cc(C2=NOC(C(=O)Nc3cc(Br)ccc3O)C2)cc(OC)c1OC
1,Cc1ccc(OCC(=O)NNC(=S)NC(=O)C(C)(C)C)c(Br)c1
0,O=C(O)COc1ccccc1C(Nc1cccnc1)c1cc(Cl)c2cccnc2c1O
0,O=[N+]([O-])c1ccccc1C(Nc1ccccn1)c1ccc2cccnc2c1O
1,N#CSc1c(NC(=O)c2ccccc2)sc2c1CCCC2
1,COc1cccc2c1C(=O)c1c(O)c3c(c(O)c1C2=O)C[C@@](O)(C(=O)CO)C[C@@H]3O[C@H]1C[C@H](N)[C@H](O)[C@H](C)O1
1,O=C(c1ccc(O)cc1)C1CCN(C(=O)Nc2cccc(Cl)c2)CC1
1,CCc1ccc(O)c(NC(=S)NC(=O)c2ccc(C)c([N+](=O)[O-])c2)c1
1,COc1ccccc1C(=O)CC(=O)C(=O)Nc1ccc(C)cc1Cl
1,O=C(NC(=S)NNC(=O)c1ccccc1O)c1cccc([N+](=O)[O-])c1
0,Oc1c(C(c2ccc(Br)cc2)N2CCOCC2)ccc2cccnc12
1,CC(C)NC(=O)CN(C)CCC(=O)NC(=O)Nc1ccc2c(c1)OCCO2
0,CC(=O)NS(=O)(=O)c1ccc(N)cc1
0,O=C1CN(C2CCCCC2)C(=O)C1c1noc2ccccc12
1,O=C(NCC1(c2ccc3c(c2)OCO3)CCOCC1)c1ccc2c(n1)CCCC2
1,Brc1c(Br)c(Br)c2[nH]cnc2c1Br
1,O=C(NCc1ccco1)c1csc(Nc2ccccc2Cl)n1
1,Cc1ccc(NC(=O)c2nnc(CN3CCN(Cc4ccc(C(C)C)cc4)CC3)s2)cc1
1,O=C(NNC(=O)c1cccc[n+]1[O-])c1cc2c(s1)CCCCCC2
1,CC(C)(C)c1ccc(OCC(=O)NNC(=O)C2CC3CCC(C2)C32SCCS2)cc1
1,COc1ccc(-c2cc(NC(=O)c3cccc(C)n3)ccc2OC)cc1
1,COc1ccccc1CNC(=O)COC(=O)C=Cc1c(C)nn(-c2ccccc2)c1C
1,Cc1ccn(-c2cc(C(=O)O)cc(S(=O)(=O)NC(C)C)c2)n1
0,Oc1ccc2ccccc2c1C=NNc1ncnc2sc3c(c12)CCCC3
1,CN(CCO)c1nc(-c2ccccn2)nc2sc(-c3ccccc3)cc12
1,Oc1cc(C(F)(F)F)nn1-c1nc2ccccc2s1
1,O=C(OCc1noc(-c2ccsc2)n1)c1ccccc1-n1ncc(Cl)c(Cl)c1=O
0,CC(=O)c1ccc(NC(=S)NNC(=O)c2cc(Br)ccc2O)cc1
1,Cc1cc(OCc2ccc(C(=O)NN)cc2)ccc1Cl
1,COc1ccccc1Nc1ncccc1C(=O)NNC(=O)c1ccco1
1,O=C(CN1CCN(c2ncccn2)CC1)Nc1cc(-c2ccccc2)nn1-c1ccccc1
1,Brc1cccc(C=NNc2ccccn2)c1
1,Cc1nc(NN=CC2CCOC2)c2cc(-c3ccccc3)sc2n1
1,O=C(C1Cc2ccccc2O1)N1CCCC(c2nc3ccccc3s2)C1
1,COC(=O)c1c(OCC2CCCCCC2)ccn1C
1,Cc1cc(C)n(C(=O)Nc2ccc(Cl)c(Cl)c2)n1
1,COc1cc(S(=O)(=O)Nc2ccccc2C(=O)O)c(C)cc1C
1,O=C(NNC(=O)c1cn(-c2ccccc2)nc1-c1cccs1)c1ccccc1O
1,COc1ccc(-c2cn(-c3ccccc3)nc2C(=O)NNC(=O)c2cn(C)c3ccccc23)cc1OC
1,CCCNC(=O)c1ccc(N2CCC3(CC2)OCCO3)c(NC(=O)c2cc3ccccc3oc2=O)c1
1,Cc1sc(NC(=O)c2ccc(Cl)cc2)c(C(=O)NN)c1C
1,CCc1nc2ccccc2n1CC(=O)NNC(=O)c1ccc(-n2nc(C)cc2C)cc1
1,O=C(NNC(=O)c1nccc2ccccc12)c1cc(-c2ccccc2)on1
1,O=C(Cc1cccc2ccccc12)NC(=S)Nc1cc([N+](=O)[O-])ccc1O
1,CCCCC(=O)NC(=S)NNC(=O)c1ccc(C)c(Br)c1
1,CN1C(=CC(=O)c2cccc(S(=O)(=O)N3CCOCC3)c2)C(C)(C)c2ccccc21
1,CCc1[nH]c(C(=O)Nc2cccc(C#N)c2)c(C)c1C(=O)OC
1,COC(=O)c1cnc(Sc2ccccc2NC(=O)c2cccs2)c([N+](=O)[O-])c1
1,Clc1cccc(Nc2nc3nonc3nc2N2CCOCC2)c1
1,O=C(CN1CCN(Cc2ccc(Cl)s2)CC1)Nc1ccccc1-c1ccccc1
1,O=C1CCCN1CCC1CN(c2ncnc3[nH]ncc23)c2ccccc21
1,CCOC(=O)c1c(-c2cccs2)csc1NC(=O)CCn1cnc(C#N)n1
1,O=c1[nH][nH]c(=O)n1CCCc1cc2cccc3ccc4cccc1c4c32
1,CC(=NNc1ccccc1C(=O)O)c1cccc(N2CCCC2=O)c1
0,Oc1c(C(c2ccccn2)N2CCN(c3ccccn3)CC2)ccc2cccnc12
1,Cc1nc(-c2ccc(C(F)(F)F)cc2)sc1C(=O)NN
1,CC(C)(C)c1ccc(C(=O)NNC(=S)NC(=O)c2cccnc2)cc1
0,O=C(NNC(=O)c1nn(-c2ccc(Cl)cc2)cc1O)c1ccc(Cl)nc1
1,COc1ccc(NC(=O)c2cccc(NC(N)=O)c2)cc1Cc1ccccc1
1,N#Cc1cccc(NC(=O)CNc2ccccc2Oc2ccccc2)c1
1,Cc1ccccc1CN1CCN(c2nc(-c3cccnc3)nc3ccccc23)CC1
0,c1ccc2c(c1)[I+3]c1ccccc1-2
1,Cc1c2ccncc2c(C)c2c1[nH]c1ccccc12
0,CN(CC(=O)Nc1ccc(Cl)c(C(F)(F)F)c1)Cc1ccc(O)c2ncccc12
1,Cc1ccc(C(=O)NCC(=O)OCc2cc(=O)oc3cc(C)c(C(C)C)cc23)s1
1,CCN1C(=O)C(=Cc2cc([N+](=O)[O-])cc(Br)c2O)SC1=S
0,CCCCn1c(=O)c(C(=O)NCc2ccccc2OC)c(O)c2ccccc21
1,O=C(Nc1nnn[nH]1)c1ccc(-c2ccccc2)cc1
0,Cc1cc(NC(c2cccnc2)c2ccc3cccnc3c2O)no1
0,CC(=O)Oc1cccc2ccc(C=Cc3cn(C(C)=O)nc3-c3ccccc3)nc12
0,Cc1cc(NS(=O)(=O)c2ccc(NS(=O)(=O)c3cc(Cl)c(Cl)cc3Cl)cc2)no1
1,Cc1ccc(C(=O)Nc2cc(-c3ccccc3)sc2C(=O)O)o1
1,CCOC(=O)c1cccc(C=Cc2ccc([N+](=O)[O-])cc2)n1
0,O=C(Cc1ccc(-n2cnnn2)cc1)NC1=NN(c2ccccc2)CC1
1,O=C(Nc1ccc(Cl)c(Cl)c1)OCc1cccnc1
1,Cc1ccc(C(=O)C(C#N)C(=O)C2CC=CCC2)s1
0,O=C(CCNc1ccc(Oc2ccccc2)cc1)c1ccco1
1,Nc1nc2ccc(C(=O)N3CCN(c4cccc(Cl)c4)CC3)cc2s1
1,N#CCC(=O)c1cc(-c2ccccc2)c(C(F)(F)F)s1
0,CCCCC(=O)NC(c1ccco1)c1cc([N+](=O)[O-])c2cccnc2c1O
1,Cc1cccc(Nc2nc3nonc3nc2Nc2ccc(F)cc2)c1C
1,COc1cccc(Nc2nnc(-c3[nH]ncc3[N+](=O)[O-])[nH]2)c1
1,N#CC(C#N)=NNc1ccc2c(c1)OCCO2
0,Cn1c(=N)n(CC(=O)C23CC4CC(CC(C4)C2)C3)c2ccccc21
1,NC(=O)c1cc(-c2ccccc2)sc1NS(=O)(=O)c1ccc(Cl)cc1
0,Cc1c(C(=O)Nc2ncccc2O)[nH]c2c1C(=O)CCC2
1,Cn1cc(-c2ncc(C(=O)C(C#N)c3nc4ccccc4o3)s2)cn1
1,Cc1ccc([N+](=O)[O-])c(C(=O)NNC(=N)c2ccccn2)c1
0,Oc1c(CN2CCN(c3ccc(F)cc3)CC2)cc(Cl)c2cccnc12
1,O=[N+]([O-])c1ccc(NC(=S)NNC(=S)Nc2ccc(Cl)cc2)cc1
1,COc1cc(OC)c2[nH]c(C(=O)NNC(=O)CN3CCCc4ccccc43)cc2c1
0,CCOC(=O)C1CCN(C(c2ccccn2)c2cc(Cl)c3cccnc3c2O)CC1
1,CC(C)Cc1cc(C(=O)OC2CCCCCC2)[nH]n1
1,O=C(NNC(=O)c1cc(-c2ccc(F)cc2)nc2ccccc12)c1cnccn1
1,CC(=O)Nc1cc(F)ccc1-c1csc(NC(=O)CC2C=CCC2)n1
1,CCOC(=O)c1sc(NC(=O)c2cccc(NC(=O)CC)c2)nc1C
1,Cc1cc(C2CC3CCC2C3)cc(C)c1O
0,O=[N+]([O-])c1ccc(C=Nc2ccc(N3CCCCC3)cc2)o1
0,Cc1cc(C)nc(NS(=O)(=O)c2ccc(N)cc2)n1
1,COc1ccccc1Nc1nc(N)nc(CN(C)Cc2ccc(Cl)s2)n1
0,Oc1c(Cl)cc(CN2CCCC2)c2cccnc12
1,Cc1sc2nc(CN3CCCN(c4ccc(C(F)(F)F)cn4)CC3)nc(N)c2c1C
1,COc1cccc2c1OCC(C(=O)C(C#N)c1nc3ccccc3o1)=C2
1,N#Cc1c(Cl)c(Cl)c(Cl)c(C#N)c1Cl
1,CCn1ncc(C(=O)C(C#N)c2nc3ccccc3o2)c1C(F)(F)F
1,O=C(NNC(=O)c1cnccn1)c1ccc(Oc2ccc(F)cc2)cc1
1,Cc1ccc(F)cc1C(=O)OCC(=O)Nc1nnc(-c2ccccc2)o1
1,Oc1c(Cl)cc(Cl)cc1C1Nc2cc(Cl)c(C(F)(F)F)cc2N1
1,O=C(Nc1nc(-c2ccccn2)cs1)Nc1ccc(F)cc1F
1,Cc1cc(C2CCCCC2)n(O)c(=O)c1
1,Cc1oc(-c2ccccc2Cl)nc1Cn1cnc2onc(C)c2c1=O
1,Nc1nccnc1C(=O)NNC(=O)c1cc2c(s1)CCCCCC2
1,CCc1nc2ccccc2c(C(=O)OCC(=O)Nc2nnc(-c3ccccc3)o2)c1C
0,O=[N+]([O-])c1ccc(O)c(C=Nc2ccc(S(=O)(=O)c3ccc(N=Cc4cc([N+](=O)[O-])ccc4O)cc3)cc2)c1
1,O=C(Nc1ccc(Cl)cc1)Nc1ccccc1Oc1ccccc1
1,O=C(OCc1csc([N+](=O)[O-])c1)c1sccc1C1CC1
1,N#CC(C(=O)c1ccc2c(c1)NC(=O)CS2)c1nc2ccccc2o1
0,COc1cccc(NC(c2ccccn2)c2ccc3cccnc3c2O)c1
1,O=C(Nc1nccn1Cc1ccccc1)c1ccc(-c2ccccc2F)s1
1,CCCc1ccc(CC2C(=O)C(=O)c3ccccc3C2=O)cc1
1,CSC(=NS(=O)(=O)C=Cc1ccccc1)NN
1,CC(c1nc(N)nc(N(C)C)n1)N(C)Cc1ccc(-c2ccc(Br)cc2)o1
1,O=C(C=Cc1cnccn1)Nc1nc2ccccc2n1C1CCCCC1
1,O=Cc1ccc2ccc3ccc(C=O)nc3c2n1
0,Oc1ccc(Br)cc1C=NNc1cccc2cccnc12
0,C=CCc1cc(C(=O)NNC(=O)c2cc(Cl)ccc2O)cc(OC)c1OC
0,O=C(Nc1[nH]c(=O)ncc1F)c1cccc(-n2cccc2)c1
1,O=C(C=CC1=NC2C=CC=CC2N1)c1c(-c2ccccc2)c2cc(Cl)ccc2[nH]c1=O
1,O=C(CCn1cc([N+](=O)[O-])cn1)Nc1nc2cc(Cl)ccc2n1CCCc1ccccc1
1,N#CCCn1cc(C(=O)COC(=O)Cn2c(C(F)(F)F)nc3ccccc32)c2ccccc21
1,COc1ccc(C(=O)Nc2nnc(-c3ccccc3Cl)o2)cc1[N+](=O)[O-]
1,c1ccc(-n2ncc(-c3nc4ccccc4s3)n2)cc1
1,CCOC(=O)c1c(C)oc2nc(CN(C)CCOc3ccc(Cl)cc3)nc(N)c12
1,O=C(Nc1ccc(Cl)cn1)c1ccccc1NC(=O)C1COc2ccccc21
1,CN(Cc1cnn(-c2ccccc2)c1)C(=O)COC(=O)C=Cc1ccc(Cl)c([N+](=O)[O-])c1
0,Nc1ncn(C2O[C@H](CO)[C@@H](O)[C@H]2O)c(=O)n1
1,O=C(Cc1cccc2ccccc12)NNC(=O)c1ccc(-n2cccn2)cc1
0,Cc1c2no[n+]([O-])c2c(C)[n+]([O-])[n+]1[O-]
1,CCOc1ccc(C(C)NC(=S)Nc2ccc([N+](=O)[O-])cc2)cc1
0,O=C(CN1CCN(CCS(=O)(=O)Oc2ccccc2)CC1)N1CCOCC1
1,CC[C@H]1OC(=O)[C@H](C)[C@@H](OC2C[C@@](C)(OC)[C@@H](O)[C@H](C)O2)[C@H](C)[C@@H](O[C@@H]2O[C@H](C)C[C@H](N(C)C)[C@H]2O)[C@](C)(O)C[C@@H](C)/C(=N\OCOCCOC)[C@H](C)[C@@H](O)[C@]1(C)O
1,CN(Cc1ccccc1N1CCCCC1)C(=O)NCCNC(=O)c1ccc(Cl)cc1
1,O=C(Nc1ccc(F)c(Cl)c1)Nc1nnc(C(F)(F)F)s1
1,Cc1cccc(Nc2nc3nonc3nc2Cl)c1
0,CCOC(=O)N1CCN(C(c2ccccn2)c2ccc3cccnc3c2O)CC1
1,O=C(NCc1nnc2ccccn12)c1ccc2c(c1)CC(c1ccccc1)OC2=O
1,O=C(Nc1nc(-c2ccccn2)cs1)c1cncn1-c1ccccc1
1,CCOC(=O)C1=C(c2ccc(CC)cc2)C(=O)c2ccccc2C1=O
1,CC(C)(C)c1ncc(C=CC(=O)C(C#N)C(=O)Nc2ccccn2)s1
0,Cc1nc2ccc(Cl)cc2nc(C)c1=NO
1,S=C(NNc1ccccc1)c1ccccc1
1,COc1ccc(-c2oc3ccccc3c(=O)c2O)cc1OC
1,O=C(O)Cn1cc(C=C2CSc3ccc(Cl)cc3C2=O)nn1
0,O=C(O)C(=Nc1cccc2ccccc12)c1ccccc1
1,O=C(O[C@@H]1Cc2c(O)cc(O)cc2O[C@@H]1c1cc(O)c(=O)c2c(O)c(O)cc([C@H]3Oc4cc(O)cc(O)c4C[C@H]3OC(=O)c3cc(O)c(O)c(O)c3)c2c1)c1cc(O)c(O)c(O)c1
1,O=C1C=C(Nc2ccc(O)cc2)C(=O)c2ccccc21
1,COc1ccc(C(=O)NC(=S)NNC(=O)c2ccc(OC)c(OC)c2)cc1Br
1,CCNC(=O)C(C)NC(=O)Nc1ccc(Cl)c(Cl)c1
1,Cc1ccsc1C(=O)NNC(=S)Nc1ccc(Cl)cc1Cl
0,CCOc1c(Br)cc(C(=O)NNC(=O)c2nn(-c3ccccc3)cc2O)cc1OC
1,CCc1nn(-c2ccccc2)c(-n2c(C)ccc2C)c1C#N
0,COc1cc(NS(=O)(=O)c2ccc(N)cc2)ncn1
0,NC(=S)c1ccc([N+](=O)[O-])s1
1,Cc1c(C(=O)NN)sc(-c2ccccc2)c1C#N
0,NC(=NO)c1ncc([N+](=O)[O-])s1
1,O=C(NCC1CCCO1)NN=C1c2ccccc2-c2ccccc21
1,N#Cc1ncn(CC(=O)N2c3ccccc3Sc3ccccc32)n1
0,CC1CC1c1ccc(CN(C2CC2)S(=O)(=O)c2ccc(Cl)s2)o1
0,Cc1cc(C(=O)c2sc3ccccc3c2O)c(C)n1C
1,Cn1cnnc1SC=CC(=O)c1ccc(F)cc1
1,N#Cc1ccc(NC(=O)c2ccc(Br)s2)cc1Cl
1,O=C(Nc1cc2c(cc1C(=O)O)OCCCO2)c1ccc(Cl)s1
1,Oc1c(N=Nc2ccc3cccc(O)c3n2)ccc2ccccc12
0,Oc1c(CN2CCOCC2)ccc(CN2CCOCC2)c1O
1,CCOc1ccc(-c2nnc(NC(=O)c3ccc([N+](=O)[O-])cc3)o2)cc1
0,O=C(Nc1[nH]c(=O)ncc1F)c1cccc2c1CCC2
1,O=c1[nH]n(-c2ccccc2)c2c(c1=O)CCC2=Cc1ccccc1
0,O=C1C=CC(=O)N1Cc1ccc(Cl)c(Cl)c1
1,O=C(Nc1nnc(C2CCCCC2)s1)c1cc(Cl)ccn1
1,O=C(Cc1csc(NC(=O)c2ccccc2)n1)NNC(=O)c1ccccc1O
1,O=C(Nc1ccc(O)c2ccccc12)c1ccc(Cn2cccn2)cc1
1,CC(C)n1cc(CC2NC(=O)NC2=O)nn1
1,O=C(Nc1nncs1)c1cc(Br)c(Br)s1
1,C=CCn1c(Sc2ncnc3sccc23)nc2ccsc2c1=O
0,NCc1ccccc1CC(=O)N[C@@H]1C(=O)N2C(C(=O)O)=C(CSc3nnnn3CC(=O)O)CS[C@H]12
1,O=C(Nc1ccc(C(=O)N2CCC(c3ncc(-c4ccc(F)c(F)c4)[nH]3)CC2)cc1)c1ccco1
1,CC(C)c1cc(=O)n2ncc(-c3ccccc3)c2[nH]1
0,Oc1ccc(CNc2ccccc2Cl)c2cccnc12
1,O=C(NCc1ccc(F)c(Cl)c1)Nc1csc([N+](=O)[O-])c1
0,O=C(C=CC(=O)c1ccccc1)OCc1ccc([N+](=O)[O-])cc1
1,CN(C)c1ccc2c(c1)OC(N)=C(C#N)C2c1cc(Br)cs1
0,O=[N+]([O-])c1ccc(C=Nc2ccc(Oc3ccc(Cl)cc3)cc2)s1
1,Cc1cc(C)n(-c2nc(NC(C)(C)C)nc(N3CCOCC3)n2)n1
0,CNS(=O)(=O)c1ccc(NC(=O)c2ccccc2C(=O)O)cc1.c1cscn1
1,CC(=O)c1ccc(-c2ccc([N+](=O)[O-])s2)s1
1,O=[N+]([O-])c1ccc(-c2csc(-c3ccncc3)n2)cc1
0,Cc1ccc(C=C2SC(=S)N(C(C(=O)O)C(C)C)C2=O)o1
0,COc1ccccc1NC(c1cccnc1)c1ccc2cccnc2c1O
0,Oc1c(C(c2ccc(F)cc2)N2CCCC2)ccc2cccnc12
1,O=C(Cn1ccnc1)Nc1cc(-c2ccc3c(c2)CCC3)nn1-c1ccccc1
1,O=C(NN=Cc1ccccc1O)C(=O)Nc1cccc(Cl)c1
1,COC(=O)c1sc(NC(=S)NCc2ccc3c(c2)OCO3)c(C(=O)OC)c1C
1,Oc1c(Cl)cc(Cl)c2ccc(Cl)nc12
1,FC(F)(F)c1cccc(Nc2nc3nonc3nc2N2CCOCC2)c1
1,O=C(Cc1ccc2c(c1)CCC2)Nc1nc2ccccc2o1
1,O=C(Nc1ccccc1Cl)c1cc(Br)cc([N+](=O)[O-])c1O
1,O=S1(=O)c2cccc3cccc(c23)N1CCN1CC=C(c2c[nH]c3ccccc23)CC1
0,O=c1c2ccccc2[se]n1-c1ccccc1
0,O=C(NNC(=S)Nc1ccc(Cl)c(Cl)c1)c1ccccn1
1,Cc1ccc2c(Cl)cc(Cl)c(OCc3nc4sc(C)c(C)c4c(=O)[nH]3)c2n1
1,Cn1ccnc1-c1noc(NC(=O)C=Cc2ccccc2)n1
1,N#Cc1cccc(NC(=O)COC(=O)c2cccc(Br)c2)c1
0,Cc1noc(C)c1C=CC(=O)c1ccc(-c2ccccc2)cc1
1,Cc1nc2nc(N)nn2c(C)c1CC(=O)Nc1ccc(F)c(Cl)c1
0,O=[N+]([O-])c1ccc(C=NN=Cc2cn(-c3ccccc3)nc2-c2cccnc2)o1
1,O=C(C=Cc1ccc(F)cc1)NC(=S)Nc1cc([N+](=O)[O-])ccc1O
1,O=C(COc1ccc(F)cc1Br)Nc1nnc(-c2ccccc2)o1
1,CCOC(=O)c1ccc(NC(=S)NNC(=O)c2ccc3c(c2)OCO3)cc1
1,O=C(Nc1nccn1Cc1ccccc1)c1ccc(C2SCCS2)cc1
0,Cc1cc(C)c2cccnc2c1O
0,O.O.O.O=C1OC2(c3cc(Br)c(O)cc3Oc3c2cc(Br)c(O)[c]3[Hg][OH])c2ccccc21.[Na+3].[Na+3]
0,CC(=NN=C1NC(=O)C(CC(=O)O)S1)c1ccccn1
0,O=C(CCNC(=O)c1ccccc1)NNC(=O)c1nn(-c2ccc(Cl)cc2)cc1O
1,COC(=O)c1sc2nc(-c3nnc[nH]3)[nH]c(=O)c2c1C
1,COC(=O)c1ccc(NC(=O)Nc2ccc(F)c(Cl)c2)cc1
1,CC1(C)Cc2cccc(OCC(=O)Nc3nnc(-c4ccccc4)o3)c2O1
1,Cc1[nH]c2ccccc2c1C(=O)C(C#N)c1nc2cc(Cl)ccc2s1
0,CN(C)CCn1nnnc1SCC1=C(C(=O)O)N2C(=O)[C@@H](NC(=O)Cc3csc(N)n3)[C@H]2SC1
0,O=C(c1cnn(C(=O)c2nn(-c3ccc(Cl)cc3)cc2O)c1)c1ccccc1O
1,CCc1ccccc1NC(=O)Nc1ccc2snnc2c1
0,CC1CCC2(CC1)NC(=O)N(NC(=O)Cc1cccc3ccccc13)C2=O
1,COc1ccc(Cc2nnc(NC(=O)c3c(-c4ccccc4)noc3C)s2)cc1OC
1,O=C1CC(O)(C(F)(F)C(F)(F)F)Oc2ccc(Cl)cc21
1,N#CC(C(=O)c1cccc2ccccc12)=C1NC(=O)c2ccccc2N1
0,Oc1c(Cl)cc(CN2CCOCC2)c2cccnc12
1,Cc1cnc(C(=O)NNC(=O)c2ccc3ccccc3n2)cn1
0,O=C(C=C(Cl)Cl)c1cccc([N+](=O)[O-])c1
1,CCOc1ccc(C(=O)c2ccc(O)c(O)c2O)cc1
0,CC(C)(C)c1csc(=S)n1CCc1ccccn1
0,O=C(NC(=S)NNc1ncnc2sc3c(c12)CCCC3)C12CC3CC(CC(C3)C1)C2
1,O=C(NNC(=O)c1cc(-c2ccccc2)n[nH]1)c1cc(-c2ccccc2)on1
1,O=C(NNC(=S)Nc1ccc([N+](=O)[O-])cc1)c1ccccc1F
0,CCN(CC)c1ccc(C=NNC(=O)c2cccc(Cl)c2)c(O)c1
0,Oc1c(C(c2ccccn2)N2CCOCC2)ccc2cccnc12
1,O=C(CC(=O)C(F)(F)F)c1ccc2ccccc2c1
1,C=CC(=O)NC(=O)NCc1ccccc1
1,O=c1c(O)c(-c2ccccc2)oc2ccccc12
0,O=C(NNC(=S)Nc1ccccc1C(F)(F)F)c1ccccn1
0,Oc1ccccc1C(Nc1ncccn1)c1ccc2cccnc2c1O
1,O=C(Nc1cc(Cl)ccc1C(=O)O)c1ccc(Cl)s1
1,Clc1ccc(COC(Cn2ccnc2)c2ccc(Cl)cc2Cl)c(Cl)c1
1,O=C(OCc1cc(-c2ccccc2)on1)c1c[nH]nc1-c1ccccc1
1,Cc1ccccc1C(=O)Nc1nc(-c2ccccc2)ns1
1,Cc1ccc(NC(=O)COC(=O)CCc2c(C)nn(-c3ccccc3)c2C)cc1
1,Cc1noc(C)c1S(=O)(=O)NCc1cc(F)cc2c1OCOC2
1,CCCC(=O)NC(=S)Nc1sc(C)c(C)c1C#N
1,O=C(Oc1ccc(Cl)c(Cl)c1)c1cccc(N2C(=O)CCC2=O)c1
0,O=C(O)c1ccccc1C(=O)Nc1ccc(S(=O)(=O)Nc2nccs2)cc1
1,Cc1onc(-c2c(Cl)cccc2Cl)c1C(=O)N[C@@H]1C(=O)N2[C@@H]1SC(C)(C)[C@@H]2C(=O)O
0,O=C(NC(CO)C(O)c1ccc([N+](=O)[O-])cc1)C(Cl)Cl
1,COc1cc(Br)c(OC)c(C(=O)NNC(=O)c2cnccn2)c1
0,O=C(O)C1=C(CSc2nnnn2CS(=O)(=O)O)CS[C@@H]2C(NC(=O)[C@H](O)c3ccccc3)C(=O)N12
1,N#Cc1ccc(NC(=O)c2ccc([N+](=O)[O-])s2)cc1
1,O=C(Nc1nc2c3c(ccc2s1)CCCC3)c1nccn2ccnc12
1,O=C(Nc1cnc2ccccc2c1)c1ccc([N+](=O)[O-])s1
1,NC(=O)c1cc(-c2csc(-c3ccsc3)n2)ccc1O
1,COc1ccccc1-n1c(=O)oc2ccc(Cl)cc2c1=O
0,O=C1C(Cl)=C(Cl)C(=O)C(Cl)=C1Cl
1,COc1ccccc1N1CCN(C(=O)CCC(=O)Nc2sccc2C(N)=O)CC1
1,Cc1cccc(C(=O)NNC(=S)NC(=O)C=Cc2ccccc2)c1
0,NNC(=O)c1nn(-c2ccc(Cl)cc2)cc1O
1,Cc1nc(Cl)nc(Nc2ccccc2)c1[N+](=O)[O-]
1,Cc1csc2nc(CSc3n[nH]c4nc5ccccc5n34)cc(=O)n12
1,CC(=O)Nc1ccc(N2CCN(c3cc(Cl)ccc3C)CC2)c(C(=O)O)c1
1,Cc1nc(-c2nc3sc(-c4ccccc4)cc3c(=O)[nH]2)cs1
1,Cc1csc2sc(C(=O)CC(=O)C(F)(F)F)c(C)c12
1,Cc1ccc(Nc2cc(C)nn2-c2nc(C)cc(C)n2)cc1
0,Cc1ccnc(NS(=O)(=O)c2ccc(NC(=O)C=CC(=O)O)cc2)n1
1,O=C(Nc1ccc(Cl)c(Cl)c1)Oc1cccnc1
1,O=C(Nc1nnc(-c2ccccc2)o1)c1cccc([N+](=O)[O-])c1
1,Cn1ccsc1=NC(=O)c1cc2ccccc2cc1O
1,O=C(Nc1cc(Cl)cc(Cl)c1)Nc1cccnc1N1CCC(C(F)(F)F)CC1
1,O=C(CCc1c[nH]c2ccccc12)NNC(=O)c1cc(-c2ccccc2)n[nH]1
1,O=C(COn1nnc2ccc(C(F)(F)F)cc21)Nc1nnc(-c2ccccc2)o1
0,Nc1nc(=O)[nH]cc1F
1,CCn1c2c(c3cc(Br)ccc31)CCCC2=NO
1,O=C(c1ccc(Cl)cc1)C(CN1CCOCC1)c1ccccc1
0,Oc1c(C(c2ccc(C(F)(F)F)cc2)N2CCOCC2)ccc2cccnc12
1,COc1ccc(C(=O)NC(=S)NNC(=O)C2CCCCC2)cc1Br
1,COc1cc(C(=O)NNC(=O)C2COc3ccccc3O2)cc(OC)c1Br
1,O=C(NN=Cc1ccc(C=NNC(=O)c2ccc(O)c(O)c2)cc1)c1ccc(O)c(O)c1
1,CC(C)(C)c1cc(C(=O)C(C#N)=NNc2cccc(Cl)c2)no1
1,CC(C)N(Cc1nnc(-c2ccccc2Cl)o1)C(=O)CN1C(=O)NC2(CCc3ccccc32)C1=O
1,CCOC(=O)c1ccc(NC(=S)NNC(=O)c2ccc(Br)o2)cc1
1,CCC(=C(CC)c1ccc(O)cc1)c1ccc(O)cc1
0,O=C(Nc1[nH]c(=O)ncc1F)C1CC1c1cc(F)ccc1F
0,O=P(Nc1nccs1)(c1ccccc1)c1nc2ccccc2s1
1,O=C(Nc1ccc([N+](=O)[O-])cc1)Nc1cc(Cl)cc(Cl)c1
0,O=[N+]([O-])c1cc(Cl)c2cccnc2c1O
1,CC(C)(C)c1cc(Cl)c(O)c(NC(=S)NC(=O)c2ccco2)c1
0,C[CH2][Hg][S]c1ccccc1C(=O)O.[Na+]
0,CN(C)CCC(=O)c1ccc2c(c1)OCCO2
1,O=C(Nc1nnc2ccccn12)c1cc2c(s1)CCCCC2
0,Oc1c(C(Nc2cccnc2)c2ccccc2F)ccc2cccnc12
1,COc1cc(C(=O)Oc2c(Cl)cc(Cl)cc2C=NNC(N)=S)cc(OC)c1OC
0,O=C(O)c1ccc(N2CCN(c3ccc(F)cc3)CC2)c(NC(=O)c2cccs2)c1
0,Oc1cccnc1NC(c1ccccc1F)c1ccc2cccnc2c1O
1,Fc1cccc(NC(=S)NNC(=S)Nc2ccc(Cl)cc2)c1
1,CCCS(=O)(=O)C(C#N)=NNc1cc(C(F)(F)F)cc(C(F)(F)F)c1
1,O=C(CON=Cc1ccc(Cl)cc1Cl)NNC(=S)Nc1cc(Cl)ccc1Cl
0,COc1ccc(C(NC(=O)C(C)C)c2ccc3cccnc3c2O)cc1OC
0,COc1cc(NS(=O)(=O)c2ccc(N=Cc3cc([N+](=O)[O-])ccc3O)cc2)nc(OC)n1
0,Cc1conc1NC(c1cccs1)c1ccc2cccnc2c1O
1,COc1ccc(C)cc1NC(=O)C(=O)NNC(=O)c1ccccc1OC
1,O=C(CCc1ccccc1)Nc1ncc([N+](=O)[O-])s1
1,Cn1c2ccccc2n2c3ncccc3c(=O)c(C#N)c12
1,NNC(=O)c1ccc(COc2ccc3c(c2)CCC3)cc1
1,COC(=O)C(NC(=O)Nc1ccc(Cl)c(Cl)c1)C(C)C
1,CCOC(=O)C(C#N)=CNc1nc2ccc(C)cc2s1
1,O=C(NNC(=S)NCc1ccc2c(c1)OCO2)c1cnccn1
1,COc1ccccc1Nc1nc(N)nc(CN2CCCC(C(F)(F)F)C2)n1
1,CC(=O)Oc1ccccc1C(=O)NC(=S)Nc1cccc(C(F)(F)F)c1
1,CCn1ccnc1C=C(C(=O)Nc1ccccc1Cl)C(=O)Nc1ccccc1Cl
0,Cc1ccc(Cl)cc1NC(=O)c1ccccc1O
0,CC1(NC(=O)COC(=O)c2ccc([N+](=O)[O-])o2)CCS(=O)(=O)C1
1,Cc1ccc2c(c1)C(=O)CC(O)(C(F)(F)C(F)F)O2
1,NCC(=O)CCC(=O)O
1,O=C(CCNC(=O)Nc1ccccc1)Nc1nc(-c2cccs2)cs1
1,O=C1CN(C(=O)C=Cc2c(Cl)nc3ccccn23)c2ccccc2N1
1,Cc1cc(C=NNc2nc3ccccc3[nH]2)c(C)n1Cc1ccco1
0,O=C(Nc1cnc(N2CCN(c3ncnc4ccccc34)CC2)c(C(=O)O)c1)c1cccs1
1,C[n+]1c(C=C2Nc3ccccc3S2)sc2ccccc21
1,O=C(Oc1ccc(Cl)c2cccnc12)c1ccccc1[N+](=O)[O-]
0,COCc1cc(CN2CCN(c3ccccc3)CC2)c(O)c2ncccc12
1,Cc1nc(COc2ccc(C(=O)Nc3nc(-c4ccccn4)cs3)cc2)no1
1,CC1CCc2c(sc3c2C(=O)NC2=C(C#N)C(c4ccccc4)(C(F)(F)F)NC(=O)N23)C1
1,CCC(NCC(=O)Nc1sccc1C(N)=O)c1ccc(Br)cc1
1,O=C1SC(=Cc2ccc(O)c(O)c2)C(=O)N1c1ccc(Cl)cc1
1,O=[N+]([O-])c1ccc(NC(=S)Nc2cccc(C(F)(F)F)c2)cc1
1,O=S(=O)(Nc1ccc(F)c(Cl)c1)c1cc(Br)c(Br)s1
0,O=C1CC(C(=O)NNC(=O)c2nn(-c3ccccc3)cc2O)c2ccccc2N1
1,Clc1ccc(OCCCCn2ccnc2)c(Br)c1
0,CN1CCCC1=NS(=O)(=O)c1ccc(N)cc1
0,Cc1onc(NC(=O)c2ccc([N+](=O)[O-])o2)c1Br
1,CCC[C@@H]1C[C@@H](C(=O)N[C@@H](C2O[C@H](SC)[C@H](O)[C@@H](O)[C@H]2O)[C@H](C)Cl)N(C)C1
0,CCOC(=O)c1sc(NC(=O)Nc2ccc([N+](=O)[O-])cc2)cc1C
0,CC(=O)N1N=C(c2c(-c3c(Cl)cccc3Cl)noc2C)OC1c1ccc([N+](=O)[O-])s1
1,Cn1cnc(CCNC(=O)c2ccc(NC(=O)c3cc(Cl)cc(Cl)c3)cc2)n1
0,Oc1ccc(CN2CCOCC2)c2cccnc12
1,COc1ccc(-c2nc(NC(=O)c3ccnc(C4CC4)n3)sc2C)cc1OC
1,O=C1c2ccccc2C(=O)c2sccc21
1,Cc1ccc(C2CC2C(=O)C(C#N)c2nc3ccccc3o2)s1
0,Oc1c(C(c2cccnc2)N2CCCC2)ccc2cccnc12
0,O=C(c1ccc([N+](=O)[O-])o1)N1CCCO1
1,CCc1ccc2nc(NC(=O)c3ccc(O)c(O)c3)sc2c1
0,COc1cc(C(=O)Cc2nc3ccccc3n2C(F)F)cc(OC)c1OC
1,Cc1ccc(C2=Nc3ccccc3N(CC(=O)Nc3ccccc3F)C(=O)C2)cc1C
0,CCC(C)C1NC(=O)C(CCNCS(=O)(=O)O)NC(=O)C(NC(=O)C(CCNCS(=O)(=O)O)NC(=O)C(NC(=O)C(CCNCS(=O)(=O)O)NC(=O)CCCCC(C)C)C(C)O)CCNC(=O)C(C(C)O)NC(=O)C(CCNCS(=O)(=O)O)NC(=O)C(CCNCS(=O)(=O)O)NC(=O)C(C(C)CC)NC1=O
0,CCOc1ncccc1C(=O)OCc1ccc(O)c2ncccc12
1,CCOc1cc(C)c(C)cc1S(=O)(=O)Nc1ccccc1C(=O)O
1,COc1ccc2c(c1)OCC(C(=O)C(C#N)c1nc3ccccc3o1)C2
1,Cc1nc(C=CC(=O)Nc2ccccc2C(=O)OCC(=O)C(C)(C)C)cs1
1,O=[N+]([O-])C(=Cc1ccccc1)c1ccccc1
1,S=C(Nc1ccc(Cl)cc1)Nc1ccc(Cl)cc1
1,COc1ccc(C(=O)CC(=O)C(F)(F)F)cc1
1,O=C(Nc1ccc(F)c(Cl)c1)c1cc(Br)ccc1O
1,CC(=O)c1sc2sc([N+](=O)[O-])c(C)c2c1C
1,CCc1noc(C)c1C(=O)Nc1nnc(-c2ccccc2)s1
1,COc1ccccc1C(=O)NNC(=O)c1cc(-c2ccccc2)on1
1,O=C(O)C(=Cc1cccc(C(F)(F)F)c1)Sc1nnc(-c2ccco2)o1
0,CC1(C)C(N(O)C(=O)Nc2cccc3ccccc23)N(c2cccc3ccccc23)C(=O)N1CC(=O)NN=Cc1ccccc1O
1,O=C(Cc1cccc2ccccc12)NNC(=O)c1ccc(Cl)s1
0,N[C@@H]1CONC1=O
0,CC(=O)OC(OC(C)=O)c1ccc([N+](=O)[O-])s1
0,O=C1NC(=O)C(CSSCC2NC(=O)NC2=O)N1
0,CCCC(C(=O)NNC(=O)c1nn(-c2ccccc2)cc1O)c1ccccc1
1,N#CC(=NNc1ccccc1Cl)S(=O)(=O)c1ccc(Cl)cc1
1,O=C(Nc1nc2ccccc2o1)c1ccc(Cl)nc1
1,Cc1cc(OCC(=O)N2CCN(Cc3nc(N)c4ccccc4n3)CC2)c(C(C)C)cc1Cl
0,O=C1C=C2C(=CCOC2O)O1
1,Cc1ccc(-n2ncc(C(N)=O)c2NC(=S)NC(=O)c2ccc(Br)o2)cc1
1,NC(=O)c1ccsc1NC(=O)CCC(=O)Nc1ccc(Oc2ccccc2)cc1
1,Cn1nc(-c2ccc(Cl)cc2)nc2c(=O)n(C)c(=O)nc1-2
1,NC(=O)Cc1csc(NC(=O)CCC(=O)c2ccc(Cl)s2)n1
1,CC1CCN(CC(=O)Nc2ccc(Cl)cc2C(=O)c2ccccc2Cl)CC1
0,Oc1c(C(Nc2nccs2)c2ccccn2)ccc2cccnc12
1,O=[N+]([O-])c1ccc(C=Cc2ccc3ccccc3n2)s1
1,CCOC(=O)c1nn(Cc2ccccc2)c2c1CN(C(=O)Cn1c(=O)oc3ccccc31)CC2
1,O=C1Nc2ccc(I)cc2C1=Cc1cc(Br)c(O)c(Br)c1
1,Cc1ccc2[nH]c(C(=O)NN=C3CCCCC3)c(-c3ccccc3)c2c1
1,O=C(COc1ccc(C(=O)c2ccccc2)cc1)NNC(=O)c1ccccn1
1,CN1C(=O)C2(NN=C(c3ccccc3)S2)c2cc(Br)ccc21
1,CCCC1CCC(c2ccc(C(=O)NN)cc2)CC1
1,COc1ccc(NC(=S)NNC(=S)Nc2ccc(Cl)cc2)cc1OC
1,N#Cc1ccc(NC(=S)Nc2ccc(F)c(Cl)c2)cc1
0,COc1ncnc(NS(=O)(=O)c2ccc(N)cc2)c1OC
0,CCOC(=O)N1CCN(C(c2cccnc2)c2ccc3cccnc3c2O)CC1
1,CCOc1ccc(-c2nnc(NC(=O)c3ccc(C#N)cc3)o2)cc1
1,Cc1ccccc1OCCC(=O)Nc1ccccc1C(=O)NC1CC1
1,COc1ccc(Br)cc1C=C(C)[N+](=O)[O-]
1,O=C(CC1SC(=NC2CCCC2)NC1=O)Nc1ccc2ccccc2c1
1,Cc1ccccc1-c1nnc2sc(NC(=O)c3ccco3)nn12
1,O=S(=O)(Cc1ccc(OC(F)(F)F)cc1)Nc1nnc(-c2ccc(F)c(F)c2)o1
1,Cc1nccc(C(=O)NNC(=O)c2ccc(-c3ccc(F)cc3)s2)n1
1,Cc1ccc2c(Cl)cc(Cl)c(OCC(=O)N3CCN(c4ncccn4)CC3)c2n1
1,Cc1nc(-c2ccccn2)nc(SCc2ccccc2)c1Cl
0,CCC(C)CCCCC(=O)NC(CCN)C(=O)NC(C(=O)NC(CCN)C(=O)NC1CCNC(=O)C(C(C)O)NC(=O)C(CCN)NC(=O)C(CCN)NC(=O)C(CC(C)C)NC(=O)C(Cc2ccccc2)NC(=O)C(CCN)NC1=O)C(C)O
1,O=C(NNC(=S)Nc1ccccc1Cl)c1ccc(OC(F)(F)F)cc1
1,Cc1nn(Cc2ccc(F)cc2)c2sc(C(=O)Nc3nnc4ccccn34)cc12
1,CC(=O)c1c(C)[nH]c(C(=O)COC(=O)C=Cc2c(C)nn(-c3ccccc3)c2C)c1C
0,Nn1cc(-c2ccccc2)nc1SC=Cc1ccc([N+](=O)[O-])o1
1,Cc1cc(-n2c(=O)[nH]c(=O)n(C)c2=O)ccc1Oc1ccc(SC(F)(F)F)cc1
1,O=C(NCc1ccc(Cl)cc1)N1CCc2ccccc2C1
1,O=C(O)c1ccccc1NS(=O)(=O)c1ccc(Cl)cc1Cl
0,C=CC1=C(C(=O)O)N2C(=O)[C@@H](NC(=O)C(=NOCC(=O)O)c3csc(N)n3)[C@H]2SC1
1,CC1=CSC2SC(C3=NNC(O)(C(F)(F)F)C3)=C(C)C12
1,CC1CCN(C(=O)c2ccc3nc(N4C(=O)CCC4=O)sc3c2)CC1
1,CN(Cc1cnn(-c2ccccc2)c1)C(=O)C=Cc1cnn(-c2ccccc2)c1
0,CC(=O)OC(OC(C)=O)c1ccc([N+](=O)[O-])o1
1,O=C(Nc1nc(-c2ccccn2)cs1)c1ccc(Cl)cc1[N+](=O)[O-]
1,O=C1NC(=O)C(=Cc2cccc(Cl)c2Cl)S1
0,O=S(=O)(Nc1nccs1)c1ccc(N=Cc2cc(Br)ccc2O)cc1
1,CCOc1cc(Br)cc(C=C2SC(=O)NC2=O)c1O
0,COc1cc(NS(=O)(=O)c2ccc(N)cc2)nc(OC)n1
1,Cc1sc2ncn(CC(=O)Nc3nc(-c4ccccn4)cs3)c(=O)c2c1C
1,COc1ccccc1Nc1ncccc1C(=O)Nc1nc2ccccc2[nH]1
0,O=[N+]([O-])c1cc(Br)c(O)c(C=Nc2cccc3cccnc23)c1
1,O=S(=O)(Cc1cc(-c2cccs2)on1)c1nc2ccccc2[nH]1
1,O=C(C=Cc1cccs1)NC(=S)NNC(=O)c1cccs1
1,CCc1c(C)sc(NC(=S)NCc2cccs2)c1C(=O)OC
1,COc1ccc(-c2nn(-c3ccccc3)cc2C(=O)NC(=S)NNC(=O)c2ccncc2)cc1
0,O=[N+]([O-])c1ccc(C(Nc2ncccc2O)c2ccc3cccnc3c2O)cc1
1,O=C(NC[C@H]1CCc2ccccc2O1)c1cnc2c(O)cccn2c1=O
1,COc1cc(O)c2c(c1)oc(=O)c1c3cc(O)c(O)cc3oc21
1,CC(=O)Oc1cc(C(=O)Nc2cc(C)ccc2O)cc(C(=O)Nc2cc(C)ccc2O)c1
1,Cc1nn(-c2ccccc2)nc1C(=O)NNC(=S)Nc1cccc(Cl)c1C
1,Oc1c(Cl)cc(Cl)cc1Sc1cc(Cl)cc(Cl)c1O
0,O=C(Nc1[nH]c(=O)ncc1F)c1cnn(-c2ccc(F)cc2)n1
1,CC(=O)N1CCN(c2ccc([N+](=O)[O-])c(NCc3ccc(Cl)cc3)c2)CC1
0,Oc1ccc2ccccc2c1N=Nc1ccccn1
1,c1ccc(-c2csc3nc(CN4CCCCC4)nc(Sc4nnc(-c5cccnc5)o4)c23)cc1
1,CC(C)c1ccc(OCC(=O)NNC(=S)NC(=O)c2cccs2)c(Br)c1
1,CC(C)C1Nc2c(O)cc(Cl)c([N+](=O)[O-])c2C2C=CCC21
1,CC(=O)Nc1cccc(C(=O)Nc2ccc(N3CCCCCC3)cc2)n1
1,CC(C)(CNc1nsc2ccccc12)N1CCOCC1
1,NC(=NOC(=O)Nc1ccc(Cl)c(Cl)c1)c1ccccc1
1,O=c1[nH]c(-c2ccccn2)nc2c1sc1ccccc12
1,CCc1nnc(NN=Cc2cc(I)cc(I)c2O)n1N
0,CSc1nnc(Sc2ncc([N+](=O)[O-])s2)s1
0,S=c1[nH]cnc2nc[nH]c12
1,COc1cccc(C2=CCN(S(=O)(=O)c3c(Cl)nc4ccccn34)C2)c1
0,CCCCNC(=O)ON=Cc1csc([N+](=O)[O-])c1
1,O=C(Cn1c(C(F)(F)F)nc2ccccc21)NC(=O)NCCc1cccs1
1,CC(C)NS(=O)(=O)c1cc(C(=O)O)cc(-n2cccn2)c1
1,Cc1nn2c(=O)c(Cc3ccccc3)c(C)[nH]c2c1-c1ccccc1
0,C=CC1=C(C(=O)O)N2C(=O)[C@@H](NC(=O)C(=NO)c3csc(N)n3)[C@H]2SC1
1,COc1cc(C=CC(=O)Nc2ccc(Cl)c(Cl)c2)ccc1OCC(N)=O
1,COc1cc(N)c(Cl)cc1C(=O)OC(C)C(=O)NC1(C#N)CCCCC1
1,O=C(COc1ccc([N+](=O)[O-])cc1)NNC(=S)NC(=O)c1ccc(Br)cc1
1,c1ccc(-c2[nH]nc(Nc3ccccn3)c2-c2ccccc2)cc1
1,COC(=O)c1ccc(C=C(C(=O)Nc2ccccc2)C(=O)c2ccccc2)cc1
1,COc1ccc(C(=O)CC(=O)c2ccccc2O)cc1
1,COc1ccc2nc(NC(=O)Cc3c(C(=O)O)n(C)c4ccccc34)sc2c1
1,O=C(CCn1cnc([N+](=O)[O-])c1)Nc1ccc(Oc2ccc(Br)cc2)cc1
1,COc1ccc(C(=O)NC(=S)Nc2cc(Cl)cc(Cl)c2O)cc1[N+](=O)[O-]
1,CC(=O)c1ccc(NC(=S)NC(=O)c2cccc(C)c2)cc1
0,CCOC(=O)N1CCN(Cc2cc(Cl)c3cccnc3c2O)CC1
1,O=C1C(=Cc2ccc(O)c(O)c2)SC(=S)N1C1CCCCC1
1,CSC(Nc1ccccc1)=C(C#N)C(=O)c1cc(-c2ccccc2)c(C(F)(F)F)s1
0,C=CCn1c(Sc2ncc([N+](=O)[O-])s2)n[nH]c1=O
0,O=c1c(O)c(-c2cc(O)c(O)c(O)c2)oc2cc(O)ccc12
1,COc1cc(OC)cc(C(=O)NNC(=S)Nc2cccc(Cl)c2)c1
0,CCC(=O)Oc1cc([N+](=O)[O-])cc2cccnc12
0,COc1ccc(C(c2cc(Cl)c3cccnc3c2O)N2CCN(C)CC2)cc1
0,Oc1cccc2cccnc12
1,CCc1sc(-c2nnc(CN3CCc4ccccc43)o2)cc1C
1,COc1ccc(C(=O)NC(=S)NNC(=O)c2ccncc2)cc1Br
1,Cc1sc2nc(-c3cccnc3)nc(Nc3ccc(N(C)C)nc3)c2c1C
1,CC1CCc2sc(C(=O)NNC(=O)c3ccccc3O)cc2C1
0,O=C(O)c1ccc(N2CCN(CC(=O)N3CCCC3)CC2)c(NC(=O)c2cccs2)c1
1,COc1cc(O)c2c(=O)c(O)c(-c3ccc(O)c(O)c3)oc2c1
1,CN1C(=O)C(=Cc2ccc(-n3ccnc3)c(F)c2)c2ccccc21
1,COc1ccc(CCC(=O)N(C)c2ccc([N+](=O)[O-])cc2)cc1Br
1,CC(C)c1ccc(NN=C2C(=O)NC(=S)NC2=O)cc1
0,CCSc1sc(SC#N)cc1SC#N
0,CC(C)C(=O)NC(c1cccs1)c1cc(Cl)c2cccnc2c1O
0,O=C(CCC1CCCC1)NNC(=O)c1cc2ccccc2cc1O
0,NNc1nn2cnnc2c2ccccc12
1,Cc1cccc(C(=O)NNC(=S)NC(=O)CC(C)C)c1
0,NNc1ncnc2scc(-c3cccs3)c12
1,CC(C)(C)c1cc(C=C(C#N)C(N)=S)cc(C(C)(C)C)c1O
1,CCOc1cc(NC(=O)c2csc(=O)[nH]2)c(OCC)cc1NC(=O)c1ccccc1
0,CN(C)C(=O)NC(c1ccccc1)c1cc([N+](=O)[O-])c2cccnc2c1O
1,Cc1ccc2nc(-c3ccccn3)c(Nc3ccc4c(c3)OCCO4)n2c1
0,O=c1[nH]cc(F)c(=O)[nH]1
1,Cc1cc(C)nc(NC(=NC(=O)Nc2ccc(Cl)c(Cl)c2)NCCc2c[nH]cn2)n1
1,Cc1cnn(-c2cccc(NC3CCN(Cc4ccc(Cl)cc4)CC3)n2)c1
1,COc1cc([N+](=O)[O-])ccc1NC(=O)NNC(=S)Nc1ccc(Cl)cc1
1,O=C(c1cc(-c2ccccc2)nc2ccccc12)N1N=CCC1(O)C(F)(F)F
1,CCOC(=O)c1ccc2c(c1)n(CC(=O)C(C)(C)C)c(=O)n2CC
1,COc1cc(C=C(C#N)C(=O)Nc2ccc(C(=O)O)cc2)cc(OC)c1O
1,CN(C)c1ccc(C=NOC(=O)Nc2ccc(C(F)(F)F)cc2)cc1
1,CCOc1ccc(-c2c(C)nn3c(=O)c(N4CCCCC4)c(C)[nH]c23)cc1OCC
0,O=S(=O)(Nc1nccs1)c1ccc(N=Cc2c(O)ccc3ccccc23)cc1
1,COc1cc(-c2cc(C(=O)NN=C3N=C(N)c4ccccc43)c3ccccc3n2)cc(OC)c1OC
0,O=C(C=Cc1cccc([N+](=O)[O-])c1)NC(=S)NNC(=O)c1cccs1
0,CC(=NNc1ccc(Cl)c(C(=O)O)c1)c1ccc2c(c1)CC(=O)N2
0,CCOC(=O)C(=CNC(N)=O)C(=O)OCC
1,Cc1ccc(CN(CCc2ccccc2)C(=O)Cc2c(C)nc(-c3ccccn3)[nH]c2=O)s1
0,Nc1ccc(S(=O)(=O)Nc2ncccn2)cc1
0,CCCCC(=O)NC(c1cccc([N+](=O)[O-])c1)c1ccc2cccnc2c1O
1,Cc1cc(C)c2nc(NC(N)=NC(=O)Nc3ccccc3)nc(C)c2c1
1,O=C1NC(=O)C(=Cc2cccc(Br)c2)S1
1,O=C(Nn1cnc2scc(-c3ccc(F)cc3)c2c1=O)c1cnccn1
1,CCOC(=O)c1c(C)nsc1NN=C(C#N)C(=O)c1ccc(Cl)cc1
1,O=C(C[n+]1cnn(CC(=O)c2ccc(Cl)cc2Cl)c1)c1ccc([N+](=O)[O-])cc1
1,CCCCOc1ccccc1C(=O)NNC(=S)NC(C)=O
1,Cc1cc(Cl)ccc1OC(C)C(=O)Nc1nc2ccccc2[nH]1
0,O=C(NNC(=O)C1CCN(c2ccc(C(F)(F)F)cn2)CC1)c1nn(-c2ccccc2)cc1O
1,O=C1CC(c2ccccc2)=NN1c1ccc(-n2cccn2)nn1
0,Cc1noc(NS(=O)(=O)c2ccc(NC(=O)CCN3C(=O)COc4ccccc43)cc2)c1C
1,COc1cc(OC)cc(C(=O)NNC(=S)Nc2ccc(F)c(Cl)c2)c1
0,O=C(Cc1ccccc1)NC(c1ccco1)c1ccc2cccnc2c1O
1,COc1ccc(-c2nsc3c(Cl)ncnc23)cc1
1,Cc1cnn(-c2cc(C(=O)O)cc(S(=O)(=O)NC(C)C)c2)c1
0,Cc1nn(-c2nc3ccccc3[nH]2)c(O)c1C1OC(=O)c2ccccc21
1,Cc1noc(C)c1C(=O)ON=C(c1cccs1)C(C)(C)C
1,N#Cc1c(C2CCCCC2)nc(Sc2ccc(C(F)(F)F)cc2[N+](=O)[O-])[nH]c1=O
1,CC[C@H]1OC(=O)[C@H](C)[C@@H](O[C@H]2C[C@@](C)(OC)[C@@H](O)[C@H](C)O2)[C@H](C)[C@@H](O[C@@H]2O[C@H](C)C[C@H](N(C)C)[C@H]2O)[C@](C)(O)C[C@@H](C)[C@@H]2N[C@@H](COCCOC)O[C@H]([C@H]2C)[C@]1(C)O
0,CCCCC(=O)NC(c1ccco1)c1cc(Cl)c2cccnc2c1O
1,O=C(Nc1cccc(C(F)(F)F)c1)Nc1ccc2nonc2c1
1,OC1(c2ccc(Cl)c(C(F)(F)F)c2)CCN(CCCC(c2ccc(F)cc2)c2ccc(F)cc2)CC1
1,O=[N+]([O-])c1ccc2nc(-c3nc4ccc([N+](=O)[O-])cc4[nH]3)[nH]c2c1
1,COc1ccc(Cc2nnc3sc(-c4ccccc4OC)nn23)cc1
1,Cc1ccc2c(Cl)cc(Cl)c(OCC(=O)NC(C)c3cccnc3)c2n1
1,O=C1C(=O)N(CCCOc2ccccc2Cl)c2ccccc21
1,c1ccc(-c2nnc(OCc3cccnc3)c3ccccc23)cc1
1,C#Cc1nc(NC(C)C)nc(NC(C)C)n1
1,CC(=O)NC(CC(=O)Nc1nnc(-c2ccc(Cl)cc2)o1)c1ccccc1
1,Cc1ccc(Nc2nc(Cl)nc(N3CCOCC3)n2)cc1Cl
1,Cc1oc(-c2ccsc2)nc1Cn1ncc(Cl)c(Cl)c1=O
1,COc1ccc(Cl)cc1NC(=S)NNC(=O)c1ccc(Br)o1
1,Cc1ccc(C(C)C)c(Oc2cc(N)cc([N+](=O)[O-])c2)c1
0,CCc1n[n+](CC(=O)c2c[nH]c3ccccc23)c(N)s1
1,N#CC(C(=O)C=C(C1CC1)C1CC1)c1nc2cc(Cl)ccc2c(=O)[nH]1
1,COc1ccc(C)cc1NC(=O)C(=O)CC(=O)c1ccccc1OC
0,COc1cc(NS(=O)(=O)c2ccc(N=Cc3c(O)ccc4ccccc34)cc2)nc(OC)n1
1,[O-][n+]1onc2c3cc(-c4ccccc4)[nH]c3ccc21
1,CCOC(=O)c1c(C)n(-c2ccc(C)cc2)c2ccc(OCC(O)Cn3ccnc3)cc12
0,CC1=CC(=O)c2ccccc2C1=O
1,O=C(NNC(=O)c1cc(Br)ccc1Cl)c1ccccc1O
1,CC(C)(C)c1ccc(C(=O)COC(=O)c2cc(C3CC3)[nH]n2)cc1
1,Cc1ccc(NC(=S)NC(=O)c2ccc(Cl)c(Cl)c2)c(O)c1
0,NNc1nnc(-c2ccccc2)c(-c2ccccc2)n1
1,CNC1(c2ccccc2Cl)CCCC(=Cc2ccccc2)C1=O
1,CN(Cc1cnn(-c2ccccc2)c1)C(=O)COC(=O)c1ccc(-c2ccc([N+](=O)[O-])cc2)o1
1,O=C(Nc1ccc(Cl)cc1)Nc1csc([N+](=O)[O-])c1
1,CCn1c(NC(=O)c2n[nH]c3ccccc23)nc2ccccc21
1,O=c1c(O)c(-c2ccccc2)oc2cc(O)ccc12
0,Oc1c(-c2ncc(-c3ccccc3)o2)sc2ncccc12
1,Cc1nonc1N=Cc1cc(I)cc(I)c1O
1,O=C(NNC(=O)c1cc(-c2ccccc2)n[nH]1)c1nnc2ccccc2n1
1,Nc1ccccc1C#CC(=O)c1ccccc1
1,Cn1ccsc1=NC(=O)c1cccc(S(=O)(=O)N2CCc3ccccc32)c1
1,O=C(Nc1nnc(Cc2nc3ccccc3s2)s1)c1ccccc1Cl
1,CC(C)(C)c1ccc(-c2nnc(NC(=O)C(Cl)Cl)s2)cc1
1,O=C(NNC(=S)NC(=O)C12CC3CC(CC(C3)C1)C2)c1cccnc1
1,COc1cc(NC(=S)NNC(=O)c2ccc(C)c(C)c2)cc(OC)c1
1,N#Cc1ccsc1NC(=O)Nc1ccc(Cl)c(Cl)c1
1,CC(C)(C)c1csc(NC(=O)c2cn3ccccc3n2)n1
1,Cc1cc(C)n(CCCNC(=O)Nc2ccc(Cl)c(Cl)c2)n1
0,O=C1C2CCN(CC2)C1CSc1ccc(Cl)cc1
0,COc1ccc(NCc2ccc3cccc(O)c3n2)cc1Cl
1,O=C(NNC(=S)NC(=O)c1ccco1)c1ccc(NC(=O)c2ccccc2)cc1
0,CCCCCCNC(=O)n1cc(F)c(=O)[nH]c1=O
1,O=[N+]([O-])c1c(Nc2ccccc2O)cc(Cl)c2nonc12
1,Nc1ccc(OCc2ccccc2Cl)cc1
0,Oc1c(C(c2ccccn2)N2CCCC2)cc(Cl)c2cccnc12
1,O=C(Cc1cccs1)NNC(=S)Nc1ccc(Br)cc1Cl
1,O=c1c(O)c(-c2ccccc2)oc2cccc(O)c12
1,CCOC(=O)c1c(C)n(C)c2ccc(OCC(O)Cn3nnc4ccccc43)cc12
1,C#Cc1cccc(NC(=O)Nc2ccc([N+](=O)[O-])cc2)c1
1,Cn1c(=NC(=O)c2cnc3ccccn3c2=O)sc2ccccc21
1,N#Cc1ncn(-c2nn3cc(-c4ccc(F)cc4)nc3s2)n1
1,COc1cccc2c1C(=O)c1c(O)c3c(c(O)c1C2=O)C[C@@](O)(C(C)=O)C[C@@H]3O[C@H]1C[C@H](N)[C@H](O)[C@H](C)O1
0,Nc1ncn([C@@H]2O[C@H](CO)[C@@H](O)[C@H]2O)c(=O)n1
1,COc1cc([N+](=O)[O-])ccc1NC(=S)NNC(=O)c1ccc(-n2cccc2)cc1
1,NC(=O)C=Cc1cn(-c2ccccc2)nc1-c1ccc(Br)cc1
1,COCc1ccccc1CNC(=O)c1cnoc1-c1cnn(-c2ccccc2)c1
1,O=C(O)c1ccc(CN2C(=O)CCn3nc(-c4cccc(Cl)c4)cc32)cc1
0,CN1CCCC(OC(=O)c2ccc([N+](=O)[O-])o2)C1
1,Cc1ccc(O)c(-c2cc(-c3ccc(F)cc3)[nH]n2)c1
1,Cc1nc2ccccc2c(=O)n1CC(=O)Nc1ccc(O)c2ccccc12
1,O=[N+]([O-])c1ccc(-c2ccc(C=Nn3cnnc3)o2)cc1
1,COc1cc(C(=O)NNC(=O)c2nccnc2N)ccc1OCCC(C)C
1,CC1CCc2ccccc2N1C(=O)C=Cc1ccccc1
1,N#CC(C(=O)CN1CCN(c2ccccc2F)CC1)c1ccccc1
1,CCc1ccc(NC(=O)CNc2cc(F)ccc2C)cc1
1,Cc1nnc(NC(=O)c2nc(-c3cccs3)n(-c3cccc(F)c3)n2)s1
1,Cc1ccccc1NCc1ccc([N+](=O)[O-])s1
1,O=C(COc1ccc(F)cc1Cl)Nc1nc(-c2ccccn2)cs1
1,Cc1cccc(C(=O)Nc2nc3cc(Cl)ccc3o2)c1
1,CCOC(=O)c1[nH]c2ccc(C)cc2c1N=NN(C)C
0,Oc1c(C(Nc2nccs2)c2cccnc2)ccc2cccnc12
1,COC(=O)c1ccnc(-c2nc3sc4ccccc4c3c(=O)[nH]2)c1
1,Cc1ccsc1CN1CC(=O)N(c2ccc(Cl)c(Cl)c2)C1=O
1,CCOc1c(Br)cc(C(=O)NNC(=O)c2cnccn2)cc1OC
0,CC(=O)Nc1cccc(C(=O)NCC2(c3ccccc3)CCC2)n1
0,C=CCc1cccc(C=NNc2ncnc3sc4c(c23)CCCC4)c1O
0,COc1ccccc1-n1nnnc1Sc1ccnc2cc(Cl)ccc12
0,Cc1ccc(C(=O)C#CC(=O)c2ccc(C)cc2)cc1
1,CCc1sc(C(=O)Nc2nc(-c3ccccn3)cs2)cc1C
0,NNc1nc2cc(F)c(F)cc2[nH]1
0,Oc1ccc(COc2cccc3cccnc23)c2cccnc12
1,COc1ccccc1CNC(=O)C=Cc1ccc([N+](=O)[O-])o1
1,CC(=O)NC(=S)NNC(=O)c1ccc(Cl)cc1Cl
0,O=C(COc1cccc2cccnc12)Nc1ccc2[nH]c(=O)[nH]c2c1
1,C=CCn1c(=S)[nH]c2sc(-c3ccccc3)cc2c1=O
1,O=C(COc1cccc(Br)c1)NNC(=O)Cn1c(C(F)(F)F)nc2ccccc21
1,C/C(=N\O)C(=O)OC1CC(C)CCC1C(C)C
0,Nc1ccc(F)cc1C(=O)O
1,O=C(NC(=S)NNc1ncc(C(F)(F)F)cc1Cl)c1cccs1
1,Cc1ccc(C)c(CN2C(=O)C(O)(CC(=O)c3ccncc3)c3ccccc32)c1
0,CCN1CCN(Cc2ccc(O)c3ncccc23)CC1
0,CN(Cc1nc2ccccc2c(=O)[nH]1)Cc1ccc(O)c2ncccc12
1,COc1ccc(C(=O)CC(=O)C(=O)Nc2ccc(Cl)c(Cl)c2)cc1
1,O=C(C1CCN(c2ccc(-c3ccc(Br)s3)nn2)CC1)N1CCC2(CC1)OCCO2
1,CCC(=O)O[C@H]1CCC2C3CCC4=CC(=O)CC[C@]4(C)C3CC[C@@]21C
1,Cc1ccc(Nc2nc(Cl)nc(N(C)C#N)n2)cc1
0,Nc1ccc(S(=O)(=O)Nc2ccc(Cl)nn2)cc1
1,Cc1nn(-c2ccccc2)c2sc(C(=O)Nc3nc(CN4CCOCC4)cs3)cc12
1,Cc1cnc(C(=O)Nc2nc3c(Cl)c(Cl)ccc3s2)cn1
1,COc1cc(Br)cc(C=C2SC(=S)NC2=O)c1O
1,Cc1nc(NC(=O)c2nc3cccnc3s2)sc1SCC#N
0,COC(=O)c1cn(CN2CCCc3ccc([N+](=O)[O-])cc32)nn1
1,O=C(CN(Cc1ccccc1)S(=O)(=O)c1ccc(Cl)cc1)NNC(=O)c1cnccn1
1,CCn1c(C2NC(=O)c3cccc(C)c3N2)nc2ccccc21
1,C=CCn1c(C2CC(=O)N(c3cccc(Cl)c3C)C2)nc2ccccc21
1,Cc1c(Cl)cccc1NC(=O)Nc1ccc2snnc2c1
1,O=C1[O][Bi]([OH])[O]c2ccccc21
1,O=C(Nc1ccc2snnc2c1)N1CCC(c2ccccc2)C1
1,COc1cc(C=C(Cl)c2nc3cc([N+](=O)[O-])ccc3[nH]2)ccc1O
1,O=C(CN1CCN(C(=O)CSc2nc(C3CC3)nc3ccccc23)CC1)Nc1ccc(F)cc1
1,CC(C)(C)OC(=O)NC1CCN(C(=O)Nc2cc(Cl)cc(Cl)c2)CC1
1,CC(C)c1cccc(-c2ccc(C(=O)Nc3cccc(C4CNC(=O)C4)c3)o2)c1
1,CN(C)c1cccc(NC(=O)C(=O)C2C(=O)Nc3ccccc32)c1
1,COC(=O)c1cnc(NC(=O)c2sc(-c3ccc(F)cc3)nc2C)s1
1,CC(C)(C)C1=NN(c2nc3ccc(Cl)cc3s2)C(=O)C1
1,CCCn1c(NC(=O)c2ccc(=O)n(Cc3ccccc3Cl)c2)nc2ccccc21
1,N#Cc1ncn(CC(=O)N(C2CCCCC2)C2CCCCC2)n1
0,NNc1ccc(-c2ccccc2)nn1
1,O=C(Cc1csc(-c2cccc(Cl)c2)n1)NNC(=O)c1ccccn1
0,Cc1cc(C)nc(NS(=O)(=O)c2ccc(N3C(=O)C4=C(SCCS4)C3=O)cc2)n1
0,Nc1ccc(O)c(-c2nc3ccccc3[nH]2)c1
1,O=S1(=O)CCC(NCc2cn(-c3ccc(F)c(Cl)c3)nn2)C1
1,Cc1c(C(=O)O)cc(-c2ccccc2)n1Cc1ccccc1
1,O=C(Nc1cc(C(F)(F)F)cc(C(F)(F)F)c1)Nc1cc2ccccc2s1
1,COc1ccc(C(=O)N=c2sccn2C)cc1-c1ccccc1
0,COC(=O)c1cnn(-c2ccc(C(=O)Nc3ncc(-c4ccccc4)n3C)cc2)c1N
1,CCCn1c(NC(=O)C2(S(=O)(=O)c3ccccc3)CCCC2)nc2ccccc21
1,COC(=O)c1ccc(C(=O)Nc2ccc3[nH]c(CN4CCCCC4)nc3c2)cc1
1,Clc1ncnc2sc(-c3ccccc3)cc12
0,O=C1C=CC(=O)N1CCc1cccs1
1,O=C(NC(=S)NCc1cccnc1)c1ccc(-c2cccc([N+](=O)[O-])c2)o1
1,COc1cc(C(=O)NC(=S)NNC(=O)c2ccco2)cc(OC)c1OC
1,O=C(C=Cc1ccc2c(c1)OCO2)Nc1ncc([N+](=O)[O-])s1
0,CC(=O)NS(=O)(=O)c1ccc(N)cc1
1,CC(C)(C)c1ccc(O)c(NC(=O)CNC(=O)c2ccccc2Cl)c1
1,N=c1oc2ccc([N+](=O)[O-])cc2cc1-c1nc2ccccc2[nH]1
0,Oc1c2c(nn1-c1nc3ccccc3[nH]1)CCCC2
1,COc1ccc(-c2nnc(NC(=O)c3c(Cl)cnn3C)s2)cc1
0,CO[C@@]1(NC(=O)[C@H](C(=O)O)c2ccc(O)cc2)C(=O)N2C(C(=O)O)=C(CSc3nnnn3C)CO[C@@H]21
1,CN(C#N)c1nc(Cl)nc(Nc2cccc(Cl)c2)n1
1,COCc1cccc(C(=O)NNc2ccc(C(F)(F)F)cc2[N+](=O)[O-])c1
1,FC(F)(F)c1cccc(Nc2nc3nonc3nc2Nc2ccc(Br)cc2)c1
1,COCc1nn2c(N)c(C#N)nnc2c1-c1cccc(Cl)c1
1,O=c1oc2c3ccccc3c3oc(=O)sc3c2s1
1,C=CCN(Cc1nc(N)nc(N(C)C)n1)Cc1ccc(Br)s1
1,N#CC(C(=O)C1CC(c2ccccc2)=NO1)c1nc2ccccc2o1
0,Oc1c(C(c2cccs2)N2CCN(c3ccccn3)CC2)ccc2cccnc12
1,COc1cc(C(=O)NNC(=O)c2cnccn2)ccc1OCc1ccccc1Cl
0,CCOc1ccc(C(NC(=O)c2cccnc2)c2ccc3cccnc3c2O)cc1
0,COc1ccc(NCc2ccc([N+](=O)[O-])s2)cc1
1,C=C(C)c1cccc(C(C)(C)NC(=O)NC2=NC(=O)C(C(C)C)O2)c1
1,N#CC1=C(N)SC(N)=C(C#N)C1c1ccc(-c2ccccc2)cc1
0,c1cnc2c(c1)ccc1cccnc12
1,Cc1ccc(OCC(=O)NC(=S)Nc2cc(C)cc(C)c2O)c(Cl)c1
1,Cc1cc(C)cc(-n2ncc3c(Cl)ncnc32)c1
0,Cc1ccc(O)c(C(=O)CC(=O)c2ccccc2Cl)c1
1,Cc1[nH]c2c(-c3ccccc3)c(Cc3ccccc3)nn2c(=O)c1Cl
0,Cc1ccc(S(=O)(=O)C=CC#N)cc1
1,COc1ccc(-c2c(C)nn3c(=O)cc(Cc4ccccc4)[nH]c23)cc1
1,CC(C)(C)c1ccc(O)c(NC(=O)Cn2cnc3ccc(F)cc3c2=O)c1
1,O=C(Nc1ccc(Cl)cc1)c1cc([N+](=O)[O-])ccc1O
1,CC(C)(C)Nc1nc(Cl)nc(N2CCCCC2)n1
1,Cc1nc(-c2ccccn2)[nH]c(=O)c1CC(=O)OCc1nc2ccccc2s1
1,O=C(Nc1cccc(-c2nc(-c3cc4c5c(c3)CC(=O)N5CCC4)cs2)c1)C1CC1
1,Cc1cc(Nc2nc3cc(S(=O)(=O)Nc4ccccc4Cl)ccc3o2)no1
1,O=C(Nc1ccc(S(=O)(=O)Nc2nccs2)cc1)c1cccc(-n2cccc2)c1
0,CCc1ccc(S(=O)(=O)Nc2ccc(F)cc2C(=O)O)s1
1,O=C1c2ccccc2C(=O)C12OC2c1ccc(Cl)cc1
1,c1ccc(-n2cc(-c3nc4c(cnn4Cc4cccs4)[nH]3)cn2)cc1
1,Cc1nc(-c2cccs2)sc1NC(=O)Nc1ccc(Cl)cc1
0,O=C(Nc1ccc2oc(-c3cccnc3)nc2c1)c1ccc([N+](=O)[O-])o1
1,O=C(Nc1nn2cc(-c3ccccc3)nc2s1)c1ccco1
1,O=C1c2ccccc2C(=O)c2c(O)c(O)cc(O)c21
1,Cc1nn2c(nc(N3CCOCC3)c3ccccc32)c1C=NNC(=O)c1ccccc1
1,O=C(NNC(=S)NC1CC1)c1ccc2ccccc2c1
1,O=C(NNC(=S)NCc1ccc2c(c1)OCO2)c1cnccn1
0,CN1CC=C(CNc2cccc3ccccc23)CC1
0,CCCc1cc(O)n(-c2nc3ccccc3[nH]2)n1
1,O=[N+]([O-])c1ccc(C2=COc3ccccc3O2)cc1
0,O=C(NNC(=S)Nc1ccc2c(c1)OCO2)c1ccccn1
1,Cc1ccc(C(=O)NCC(=O)Nc2cc(C(C)(C)C)ccc2O)s1
0,COc1ccccc1N1CCN(Cc2cc(Br)c(O)c3ncccc23)CC1
1,O=C(Cn1ncc(Cl)c(Cl)c1=O)c1ccc(Oc2ccccc2)cc1
1,Cc1cc(C)n(-c2ccc3c(Cl)cc(Cl)c(O)c3n2)n1
1,CC(C)(C)c1ccc(C(=O)NCC(=O)NNC(=O)c2ccccc2O)cc1
0,O=C(NC(c1ccccc1)c1cc(Cl)c2cccnc2c1O)c1cccnc1
1,N#CC(C(=O)C1CC(=O)N(C2CCCC2)C1)c1nc2ccccc2o1
0,CCCOCc1cc(CN2CCN(C)CC2)c(O)c2ncccc12
0,CC1(C)S[C@@H]2[C@H](NC(=O)[C@H](C(=O)O)c3cccs3)C(=O)N2[C@H]1C(=O)O
1,CC(C)(C)c1ccc(O)c(NC(=O)Cc2ccc(N3CCCC3=O)cc2)c1
1,CCc1cccc(N2CC(C(=O)Nc3cccc(NC(=O)c4ccco4)c3)CC2=O)c1
0,N=C(N)NS(=O)(=O)c1ccc(N)cc1
1,O=C(CC(O)(C(F)(F)F)C(F)(F)F)Nc1cccc(C(F)(F)F)c1
1,N#CC(C(=O)Cc1noc2ccccc12)c1nc2ccccc2o1
1,CC(C)CC(=O)NC(=S)NNC(=O)COc1ccc2ccccc2c1Br
0,O=C1C=CC(=O)N1Cc1ccc2c(c1)OCO2
0,CCN1CCN(C(=O)NC(C(=O)NC2C(=O)N3C(C(=O)O)=C(CSc4nnnn4C)CSC23)c2ccc(O)cc2)C(=O)C1=O
1,Cc1cc(NC(=O)Nc2ccc([N+](=O)[O-])cc2)ccc1Br
1,O=C(Cn1ncc2ccccc21)Nc1ccc(Cl)c(Cl)c1
1,O=[N+]([O-])c1ccc(O)c(C=Cc2ccc3cccc(O)c3n2)c1
1,Oc1ccc(Cl)cc1Cc1cc(Cl)ccc1O
1,Cc1ccccc1-c1nnc(SCC(=O)NC(=O)NC2CCCC2)o1
1,Cc1n[nH]c(C)c1C(C)c1nc(-c2cccc(Cn3cnc4ccccc43)c2)no1
1,COC(=O)c1cc(C#N)c(Sc2ncc([N+](=O)[O-])s2)nc1C(OC)OC
0,CCN1CCN(C(c2cccs2)c2ccc3cccnc3c2O)CC1
1,NC(=O)COc1ccc(CNC(=O)Nc2ccc(Cl)c(Cl)c2)cc1
0,Cc1ccc(NCC(=O)NN=Cc2cc(Cl)cc(Cl)c2O)cc1
1,Clc1cccc(Nc2nc(N3CCOCC3)nc(-n3cccn3)n2)c1
0,COc1ccccc1C(NC(=O)C(C)C)c1cc(Cl)c2cccnc2c1O
1,C#CCSc1nc2c(c(=O)[nH]1)C(c1ccccc1OC)CC(=O)N2
1,Cc1nnc(NC(=O)c2ccc(C(F)(F)F)cc2)o1
1,O=S(=O)(CCC1=C(N2CCOCC2)C(=Cc2ccc(Cl)cc2)CC1)Oc1ccccc1
1,O=C(NC1CCOc2ccccc21)c1cc(Br)ccc1O
0,CCOc1ccccc1NC(=S)NNC(=O)c1ccccn1
1,COC(=O)c1c(C)[nH]c(C(=O)Nc2nc(-c3cc(C)sc3C)cs2)c1C
1,O=c1cc(CO)oc(C(c2ccc3c(c2)OCO3)c2oc(CO)cc(=O)c2O)c1O
1,Cc1onc(-c2ccccc2)c1C(=O)Nc1nnc(-c2ccccc2)o1
1,N#Cc1nncn1CC(=O)c1ccc(C2CCCCC2)cc1
1,CCCCC(=O)NNC(=S)NC(=O)c1sc2ccccc2c1Cl
1,CCc1cc(C(=O)OCC(=O)Nc2nnc(-c3ccccc3)o2)sc1C
1,O=C(c1ccc2c3c(cccc13)CC2)C1CCCN(C(=O)c2cnc3ccccn3c2=O)C1
0,CCn1cc(C(=O)O)c(=O)c2cc(F)c(N3CCN(C)CC3)cc21
1,O=C(CN1CCC(C(=O)NCc2ccccc2)CC1)Nc1ccc(Br)cc1Cl
0,O=[N+]([O-])c1ccc(C(Nc2nccs2)c2ccc3cccnc3c2O)cc1
1,O=C1C(=O)N(CC=Cc2ccccc2)c2ccccc21
1,CC1=CSC(=C(C#N)C(=O)c2ccccc2Cl)N1c1ccccc1Cl
0,CCN(CC)c1ccc(N=Nc2ccc(Br)cn2)c(O)c1
1,O=c1[nH]c(-c2ccccn2)nc2c1cnn2-c1cccc(C(F)(F)F)c1
1,O=C(C(=Cc1csnn1)c1nc2ccccc2s1)c1ccccc1
1,Cc1cc(=O)oc2cc(NC(=S)NNC(=O)c3ccc(-n4cccc4)cc3)ccc12
1,O=[N+]([O-])c1ccccc1NNC(=S)Nc1ccc(Cl)cc1Cl
1,N#Cc1cccc(NC(=O)Nc2ccc(Cl)cc2)c1
1,CCC1CCc2c(sc3nc(-c4ccncn4)[nH]c(=O)c23)C1
1,O=C(Nc1nc2cc(C(F)(F)F)ccc2n1Cc1ccco1)C1CC1
1,Cc1nn(-c2ccccc2)c(Cl)c1CS(=O)(=O)c1nc(CCC2CCCC2)n[nH]1
1,O=C(Nc1ccc(Cl)c(Cl)c1)Nc1ccc(I)cc1F
1,Cc1ccc(Nc2nc(C(=O)NCc3cccnc3)cs2)cc1
0,O=C(Nc1nnc(-c2ccccc2)o1)C1CCN(S(=O)(=O)c2ccc3ccccc3c2)CC1
1,FC(F)(F)c1cccc(NC(=S)Nc2cccnc2)c1
1,O=C(COC(=O)[C@@H]1CCCN1C(=O)c1cccs1)NC12CC3CC(CC(C3)C1)C2
1,O=C(NNC(=O)c1nc(-c2ccccc2)n(-c2ccccc2)n1)c1csc(NC2CC2)n1
1,CC(=O)CC1CCCCN1
1,Nc1nccnc1C(=O)NNC(=O)COc1ccccc1-c1ccccc1
1,O=C(Nc1nnc(C(F)(F)F)s1)c1cccc2ccccc12
1,Brc1cccc(-c2nnc3sc(CNCc4ccco4)cn23)c1
1,Cc1onc(-c2ccccc2Cl)c1C(=O)N[C@@H]1C(=O)N2[C@@H]1SC(C)(C)[C@@H]2C(=O)O
1,Cc1cc(N2CCC(C)CC2)nc(-n2nc(C)cc2C)n1
1,Cn1c(CC(=O)NNC(=O)C=Cc2cccc(C(F)(F)F)c2)nc2ccccc21
1,O=C1NC(C=Cc2cccc([N+](=O)[O-])c2)=C([N+](=O)[O-])C(c2ccccc2)N1
1,O=C(Nc1nnc(-c2ccccc2)o1)c1cc(F)c(F)cc1Cl
0,CN1C(=CC=NNc2cnccn2)C(C)(C)c2ccccc21
0,CCOC(=O)C1CCCN(Cc2ccc(O)c3ncccc23)C1
1,Cc1cc(C(=O)NNC(=O)c2ccccn2)c(C)n1-c1ccc(F)cc1
1,CN1C(=CC=NNC(=O)c2ccc3c(c2)OCO3)C(C)(C)c2ccccc21
1,O=C(Cn1ncc(Cl)c(Cl)c1=O)N(C1=CCCCC1)C1CC1
1,O=C(Nc1nc(-c2ccccn2)cs1)c1ccc(-n2cccn2)cc1
1,CCCn1c(NC(=O)Cc2ccccc2C)nc2ccccc21
0,O=C(O)c1ccccc1-c1c2cc(Br)c(=O)cc-2oc2[c]([Hg][OH])c(O)c(Br)cc12.[Na+3].[Na+3]
1,Cc1cc(=O)oc2cc(OCC(=O)Nc3nc(-c4ccccn4)cs3)ccc12
1,Cc1cc(OCC(=O)Nc2nc(-c3ccccn3)cs2)no1
1,CCCCOc1cccc(C(=O)Nc2ccccc2N2CCOCC2)c1
1,COc1ccc(Cc2nnc3sc(-c4ccccc4Cl)nn23)cc1
1,O=C(Nc1cccc2cccnc12)C1(c2ccccc2)CC1
1,CCc1c(C(=O)NNC(=S)Nc2ccc([N+](=O)[O-])cc2OC)csc1C
1,O=C(NNc1ccccc1[N+](=O)[O-])c1cccn1-c1cccc(I)c1
0,Oc1ccc(N=Nc2sc3ccccc3c2O)cc1
0,Cc1ccc(NCC(=O)NN=Cc2cc(Br)cc(Cl)c2O)cc1
1,CCc1cccc(OCC(=O)Nc2cc([N+](=O)[O-])ccc2O)c1
1,CCC(C)c1ccc(O)c(NC(=S)NC(=O)c2cccnc2)c1
1,COc1ccc(C(=O)ON=C(c2cccs2)C(C)(C)C)cc1
1,Cc1ccc([N+](=O)[O-])cc1NC(=O)c1cc(Cl)ccc1O
1,N#CC(CN1CCN(c2ccccc2)CC1)C(O)c1ccc(-c2ccccc2)cc1
0,CCc1n[n+](CC(=O)c2c[nH]c3ccccc23)c(N)s1
0,CCOC(=O)c1ccc(NC(=S)NNC(=O)c2ccccn2)cc1
1,Cc1oc2nc[nH]c(=O)c2c1C(=O)NC(CCCc1ccccc1)c1ccccc1
1,O=C(Nc1ccncc1)c1ccc2ncsc2c1
1,Cc1ccc(C(=O)CC(=O)C(=O)Nc2ccc(C)c(F)c2)cc1
0,CC(=O)c1ccccc1NC(=O)CNc1cccc2ccccc12
1,O=C(NCSCc1cccc(C(F)(F)F)c1)Nc1nnc(C(F)(F)F)s1
1,O=c1cc(-c2ccccc2)[nH]c2c(-c3ccccc3)c(Cc3ccccc3)nn12
1,N#CC(C#N)=NNc1ccc(F)cc1F
1,CCCCn1c(N)c(N(Cc2ccco2)C(=O)Cc2cccc3ccccc23)c(=O)[nH]c1=O
1,CC(=O)NC(=S)NNC(=O)c1ccc(-c2ccccc2)cc1
1,Cc1nn2c(=O)cc(-c3ccccc3)[nH]c2c1-c1ccc(Cl)cc1
1,O=[N+]([O-])c1ccc(NC(=S)NCCC2=CCCCC2)cc1
1,CCc1cc(C(=O)O)c(NC(=O)C=Cc2ccc(OC)c(OC)c2)s1
1,O=[N+]([O-])c1ccc(N2CCN(CCO)CC2)cc1NC(c1ccccc1)c1ccccc1
0,Cc1ccnc(NC(c2ccncc2)c2ccc3ccc(C)nc3c2O)c1
1,Cc1onc(-c2ccccc2)c1C(=O)NC(=S)NNC(=O)c1cccs1
0,O=[N+]([O-])c1cccc(NC(c2ccco2)c2ccc3cccnc3c2O)c1
1,Cc1nn2nnc3ccccc3c2nc1=O
1,CCOc1ccccc1NC(=S)NNC(=O)c1cc2ccccc2cc1O
1,CCOc1nc(NCc2ccccc2)nc(NCc2cccnc2)n1
1,O=[N+]([O-])c1ccccc1SNc1ccc2c(c1)OCO2
1,O=[N+]([O-])c1ccc(NC2CCCCC2)c2ncccc12
1,COc1ccc(C(=O)Cn2c(C)nc([N+](=O)[O-])c2Br)cc1
1,Cc1oc2nc[nH]c(=O)c2c1C(=O)Nc1nc2cc(C(F)(F)F)ccc2n1Cc1ccco1
0,CON=C(C(=O)N[C@@H]1C(=O)N2C(C(=O)O)=C(COC(N)=O)CS[C@H]12)c1ccco1
0,COc1ccc2c(c1)CCCN2Cc1nnsc1Cl
0,CO[C@@]1(NC(=O)C2SC(=C(C(N)=O)C(=O)O)S2)C(=O)N2C(C(=O)O)=C(CSc3nnnn3C)CS[C@@H]21
1,CCOC(=O)c1cc(NC(=O)Cc2c[nH]c3ccccc23)cc(C(=O)OCC)c1
1,CC(NC(=O)c1ccc(NC(=O)c2ccco2)s1)c1cc2ccccc2o1
1,O=C(Nc1nc(-c2ccccc2)ns1)c1cccc[n+]1[O-]
1,O=C(Nc1nc(-c2ccccc2)ns1)NC1(c2ccc(F)cc2)CCC1
1,COc1cc([N+](=O)[O-])ccc1-c1ccc(C=Nn2cnnc2)o1
1,O=C(C=Cc1cccc2c1OCO2)c1ccc(N2CCOC2=O)cc1
1,Cc1c(C(=O)NNC(=O)c2ccc(-c3cccs3)[nH]c2=O)oc2ccccc12
1,Cc1[nH]c2c(C(=O)NCc3ccc4c(c3)OCO4)cnn2c(=O)c1Cc1ccccc1F
1,Cc1cc(N(Cc2ccccc2)CC2CCCO2)nc(-c2ccccn2)n1
0,Oc1ccc(CN2CCc3ccccc32)c2cccnc12
1,O=C(Nc1ccc([N+](=O)[O-])cc1)Nc1cccc(C(F)(F)F)c1
1,CC(C)(C)c1ccc(OCCCC(=O)NNC(=O)c2ccccc2O)cc1
1,Cc1ccc(-c2nc(Cn3ncc(Cl)c(Cl)c3=O)cs2)cc1
0,NC(=NO)c1ccc([N+](=O)[O-])o1
1,CCc1nc2ccccc2n1CC(=O)NNC(=O)CCc1c[nH]c2ccccc12
1,COc1ccc(-c2c(Cc3ccccc3)nn3c(=O)cc(-c4ccccc4)[nH]c23)cc1
1,O=C(CC(=O)C(F)(F)F)c1ccc(Cl)cc1
0,CC(C)(C)C(=O)CSC1=NNC(c2ccccn2)S1
1,CC(=O)NCc1ccc(-c2csc(NC(=O)c3ccc4ncsc4c3)n2)o1
1,COc1cccc(C(=O)NNC(=O)c2ccccc2Nc2ccccc2OC)c1
1,O=C(Nc1nnc(Cc2nc3ccccc3[nH]2)s1)c1cccc(F)c1
1,O=c1[nH]c(-c2nc3ccccc3o2)nc2scc(-c3ccccc3)c12
1,COc1ccccc1C(=O)NNC(=S)NC(=O)c1ccccc1[N+](=O)[O-]
1,CCOc1ccccc1NC(=O)c1ccc(NC(=O)OC(C)(C)C)cc1
1,CCOc1ncccc1C(=O)Nc1nnc(-c2ccc(Cl)cc2)o1
1,Cc1cc(C)c2c(N)c(C(=O)Nc3nnc(-c4cccs4)s3)sc2n1
1,O=c1oc2ccc(Cl)cc2c(=O)n1-c1cccc([N+](=O)[O-])c1
1,CCCCCn1c(=O)c(C(=O)NN)c(O)c2ccccc21
0,N#CC(=Cc1ccc([N+](=O)[O-])s1)C(=O)C1CC1
1,Cc1ccc(Cl)cc1S(=O)(=O)Nc1ccc(F)cc1C(=O)O
1,Cc1nn(CC(C)C)c(Cl)c1C(=O)Nc1nc(-c2ccccn2)cs1
0,CC(=O)NC(c1ccc(N(C)C)cc1)c1cc(Cl)c2cccnc2c1O
1,Cc1cc(C)c2nc(NS(=O)(=O)C=Cc3ccccc3)sc2c1
1,COc1cccc(C=NNC(=S)Nc2cc(C(F)(F)F)cc(C(F)(F)F)c2)c1O
1,COc1ccc(C(O)(C(=O)NCc2ccccc2)c2ccc(OC)cc2)cc1
0,COc1ccc(Br)cc1C=CC(=O)N1CCC(C(=O)O)CC1
1,O=C(CNC(=O)c1ccc(Oc2ccccc2)cc1)OCc1cccc([N+](=O)[O-])c1
0,CCc1cc(-c2n[nH]c(C)c2Oc2ccccc2F)c(O)cc1OC
1,N#CC(C(=O)c1cc(-c2ccc(Cl)cc2)n[nH]1)c1nc2ccccc2s1
0,CCOCc1cc(CN2CCCC2)c(O)c2ncccc12
0,Cc1cc(C)nc(NS(=O)(=O)c2ccc(N)cc2)n1
1,COCCn1c(C)cc(C(=O)COc2c(Cl)cc(Cl)c3ccc(C)nc23)c1C
0,Nc1ccc(S(=O)(=O)Nc2ccccn2)cc1
1,C=CCc1cccc(C=C2SC(=S)NC2=O)c1O
1,O=C(Nc1cccc(-c2nnn[nH]2)c1)Nc1cccc(C(F)(F)F)c1
0,CCCCCCCCC=CCCCCCCCC(=O)NCCc1ccc(O)c(O)c1
1,Cc1nc2sc(-c3ccccc3)c(Cc3ccccc3)c2c(=O)o1
1,COc1cc([N+](=O)[O-])ccc1-c1ccc(C=C(C#N)C#N)o1
0,Cc1cc(C(=O)NN=Cc2ccc([N+](=O)[O-])s2)no1
1,OC1(C(F)(F)F)CC(c2ccc3c(c2)CCCC3)=NN1
0,CN(C)Cc1cncc(Oc2ccc(CN3CCOCC3)c3cccnc23)n1
0,CC(C)C(C(=O)O)N1C(=O)C(=Cc2ccc(Cl)cc2Cl)SC1=S
1,COc1ccc(C(=O)C[n+]2nc(CNc3ccc(Br)cc3)n3c2CCCCC3)cc1
1,Nc1scc(-c2ccc(Oc3ccccc3)cc2)[n+]1CCCCS(=O)(=O)[O-]
1,COC(=O)c1cn(-c2ccccc2NC(=O)C(C)Oc2ccc(F)cc2)nn1
0,CCOC(=O)CCc1c(C)nn(-c2nc3ccccc3[nH]2)c1O
1,CCN(CC)CCn1c2ccccc2c2nc3ccc([N+](=O)[O-])cc3cc21
1,CCOc1ccc(Nc2nc(-c3ccccn3)cs2)cc1
1,Cc1scc(C(=O)NNC(=S)Nc2cccc(C(F)(F)F)c2)c1C
1,Cc1cccc(N2CCN(C(=O)Nc3nc(-c4ccsc4)ns3)CC2)c1
1,O=C1NC(=O)C2(CCN(c3ncnc4sc(-c5ccccc5)cc34)CC2)N1
1,O=C(COC(=O)c1ccccc1Sc1ncnc2sc3c(c12)CCC3)Nc1cccnc1Cl
1,O=[N+]([O-])c1c(-n2nnc3ccccc32)nc2sccn12
1,Cc1ccc(S(=O)(=O)NC(=O)NNC(=O)c2cc(C(C)(C)C)nn2Cc2ccc(F)cc2)cc1
0,O=C(CCN1CCOCC12CCC2)c1ccc(F)cc1
1,Fc1ccc(Nc2nc3nonc3nc2Nc2ccc(I)cc2)cc1
1,O=C(COc1ccc([N+](=O)[O-])cc1)Nc1nc(-c2ccccn2)cs1
1,Cc1nn(CC(=O)Nc2nc3cc(Cl)ccc3o2)c(C)c1[N+](=O)[O-]
1,Cc1cc(C)cc(C(=O)NCC(=O)NNC(=O)COc2ccc(Cl)c(C)c2)c1
1,Cc1nc([N+](=O)[O-])c(Br)n1Cc1ccc(Cl)c(Cl)c1
0,Cc1ccnc(NS(=O)(=O)c2ccc(N)cc2)n1
0,Nc1ccc(S(=O)(=O)NC(=O)c2ccccc2)cc1
1,O=C(Cc1ccccc1)NCCC(=O)NNC(=O)c1cc(Cl)ccc1O
1,Cc1cccc(-c2nc3cc4c(cc3cc2CN2C[C@@H]3C(=O)NC(=O)[C@@H]3C2)CCC4)c1
1,CCOc1ccccc1C(=O)NNC(=S)Nc1ccc(Br)cc1
0,O=[N+]([O-])c1ccc(CNc2ccc3c(c2)CCC3)s1
1,CC(C)(C)CNC(C#N)=C(C#N)NCc1cccc(Cl)c1
1,COC(=O)NC(=S)Nc1ccc(NC(=O)c2cc(Cl)ccc2O)c(Cl)c1
1,CC(NC(=O)Nc1ccc(Cl)c(Cl)c1)c1nnc2ccccn12
0,C[C@H]1[C@H](NC(=O)C(=NOC(C)(C)C(=O)O)c2csc(N)n2)C(=O)N1S(=O)(=O)O
1,O=C(Nc1nc(-c2ccccn2)cs1)C1CC1c1ccco1
1,O=C(Nc1ccc(Cl)c(Cl)c1)n1ccc(C(F)(F)F)n1
0,CN(C)[C@@H]1C(=O)C(C(N)=O)C(=O)[C@@]2(O)C(=O)C3C(=O)c4c(O)ccc(Cl)c4[C@@](C)(O)C3C[C@@H]12
1,CCC(Oc1ccccc1)C(=O)Nc1nn2c(-c3ccccc3)nnc2s1
1,Cn1ccsc1=NC(=O)c1ccc(N2CCCCCC2)c([N+](=O)[O-])c1
0,CN(C)c1cc(Cl)c2nonc2c1[N+](=O)[O-]
0,N=C(NCCCCCCNC(=N)NC(=N)Nc1ccc(Cl)cc1)NC(=N)Nc1ccc(Cl)cc1
1,COc1ccc(C=C2SC(=S)NC2=O)c2ccccc12
1,Cc1cc(C(=O)Nc2nc(-c3c[nH]c(C(N)=O)c3)cs2)ccc1[N+](=O)[O-]
1,O=C(NC(=S)NNC(=O)c1ccccc1[N+](=O)[O-])c1ccc(Br)cc1
1,Cc1ccc(C(C)C)c(OCc2ccc(C(=O)NNC(=O)c3cnccn3)cc2)c1
1,Cc1occc1C(=O)NNC(=S)NC(=O)c1ccccc1Br
1,O=C1c2ccc3c4c(ccc(c24)C(=O)N1CCO)C(=O)N(CCO)C3=O
0,Oc1c(C(c2ccccn2)N2CCN(c3ccccc3)CC2)cc(Cl)c2cccnc12
0,Cc1noc(NS(=O)(=O)c2ccc(N)cc2)c1C
1,CC(C)c1ccc(C2C(C#N)=C(N)Oc3cc(O)ccc32)cc1
1,c1ccc(-c2cc3c(Sc4nnc(C5CC5)o4)ncnc3s2)cc1
1,Cc1c(C=O)c(C=O)c(C)n1-c1ccc(N(C)C)cc1
1,Cc1nnnn1C(=Cc1ccccc1)C(=O)OCc1cccc(F)c1F
0,COc1cc(Br)cc2cc(C(=O)Oc3cccc4cccnc34)c(=O)oc12
1,N#CC(C(=O)c1ccc(Br)s1)c1nc2ccccc2s1
1,COc1cccc(NC(=O)COC(=O)C=Cc2c(C)nn(-c3ccccc3)c2C)c1
0,C[C@H]1COc2c(N3CCN(C)CC3)c(F)cc3c(=O)c(C(=O)O)cn1c23
1,O=C(O)c1cc(F)ccc1NS(=O)(=O)c1cc(Cl)ccc1Cl
1,COc1cccc(-c2nc(C(=O)NNC(=O)c3ccccn3)cs2)c1OC
1,COc1ccc2oc(C)c(C(=O)C(C#N)c3nc4ccccc4o3)c2c1
0,CC(C)[C@H](N)C(=O)OCCOCn1cnc2c(=O)[nH]c(N)nc21
1,O=C1c2ccccc2-n2c1nc1ccccc1c2=O
0,CN1CCN(Cc2cc(Br)c(O)c3ncccc23)CC1
1,CC(=O)NC(CC(=O)Nc1ccc(O)c2ccccc12)c1ccc(C)cc1
1,COc1cc(C(=O)Nc2nnc(COc3ccc(Cl)cc3)s2)cc(OC)c1OC
1,COc1ccccc1-c1nn(Cc2ccccc2)cc1C=CC(=O)N1CCN(c2ncccn2)CC1
0,O=C(CCc1ncc(-c2ccc(F)cc2F)o1)NNC(=O)c1ccccc1O
1,Cc1cc(C)n2nc(C(=O)Nc3nnc(-c4ccc(C(C)C)cc4)s3)nc2n1
1,O=C(NCC(F)(F)F)c1cccc(NC(=O)c2ccc3ncsc3c2)c1
1,COc1ccc(CCC2(C)NC(=O)N(CC(O)COc3cc(Cl)ccc3Cl)C2=O)cc1
1,Cc1cc(OC(=O)CCN2C(=O)c3ccccc3C2=O)ccc1Cl
1,c1ccc(-c2cc3c(Oc4cccnc4)nc(-c4ccccn4)nc3s2)cc1
0,Cc1cc(C(=O)NNC(=O)c2nn(-c3ccccc3)cc2O)c(C)o1
1,Cc1ccc(C(=O)C(C#N)C(=O)C2COc3ccccc3C2)s1
0,COC(=O)c1cn(CN(CC(C)C)C2CCS(=O)(=O)C2)nn1
1,CCOC(=O)c1c(C)[nH]c(CN(Cc2ccc(OC)cc2)C(=O)C2CCC2)c1C
1,N#Cc1ncn(-c2nc(-c3ccccn3)nc3sc(-c4ccccc4)cc23)n1
0,COc1ccc(C(=O)CCN2CCOCC2)cc1
1,CC(C)(C)c1cc(C2C(C#N)=C(N)OC3=C2C(=O)CCC3)cc(C(C)(C)C)c1O
1,CC1=C(C(=O)OCc2ccccc2)C(c2ccccn2)c2c(n(C)c(=O)n(C)c2=O)N1
1,ON=Cc1ccc(OCc2ccccc2)c(Cl)c1
0,O=C(CCN1CCOCC1)c1ccc(O)cc1
0,O=C(Nc1nnn[nH]1)c1cc(I)ccc1O
1,O=C(OC[C@H]1O[C@H](OC(=O)c2cc(O)c(O)c(OC(=O)c3cc(O)c(O)c(O)c3)c2)[C@H](OC(=O)c2cc(O)c(O)c(OC(=O)c3cc(O)c(O)c(O)c3)c2)[C@@H](OC(=O)c2cc(O)c(O)c(OC(=O)c3cc(O)c(O)c(O)c3)c2)[C@@H]1OC(=O)c1cc(O)c(O)c(OC(=O)c2cc(O)c(O)c(O)c2)c1)c1cc(O)c(O)c(OC(=O)c2cc(O)c(O)c(O)c2)c1
1,Cc1ncc([N+](=O)[O-])n1CCOC(=O)Nc1ccc(Cl)c(Cl)c1
1,CC(=NNC(=O)c1cccc(F)c1)c1ccc(Br)s1
0,Cc1nn(C)c(C)c1CC(=O)NNC(=O)c1cc(Cl)ccc1O
1,O=C(NNC(=O)c1cc(-c2ccc(Cl)s2)nc2ccccc12)c1cnccn1
1,Cc1nc(C(C)(C)C)nc2sc(C(=O)NNC(=O)c3ccccn3)c(C)c12
1,Cc1onc(-c2c(Cl)cccc2Cl)c1C(=O)N[C@@H]1C(=O)N2[C@@H]1SC(C)(C)[C@@H]2C(=O)O
1,COC(=O)CC1C(=O)NCCN1Cc1c(O)c(C(=O)Nc2ccccc2C)cc2ccccc12
1,O=C(NCCSCc1cccc(C(F)(F)F)c1)Nc1cccc(C(F)(F)F)c1
0,COc1ccc(C(=O)CC(=O)c2ccc(OC)c(OC)c2)c(O)c1
0,CN(C)c1nc(=S)ss1
1,C/C(=C\C(=O)OCCCCCCCCC(=O)O)C[C@@H]1OC[C@H](C[C@@H]2O[C@H]2[C@@H](C)[C@H](C)O)[C@@H](O)[C@H]1O
1,Cc1cc(=O)c(C(=O)O)c(C=Cc2cccc(Br)c2)[nH]1
1,O=c1cc(Cc2ccccc2)[nH]c2c(-c3ccccc3)c(Cc3ccccc3)nn12
0,CCCOc1ccc(-c2n[nH]cc2Oc2ccccc2)c(O)c1
1,Cc1nc(-c2ccc(F)cc2)c(CC(=O)N2CCCc3ccccc32)s1
1,O=C(Nc1ccc(F)cc1)Nc1cccc(Br)c1
1,N#CC(C#N)=NNc1ccc(C(F)(F)F)cc1
1,S=C(NNc1c(Cl)cncc1Cl)Nc1ccc(Cl)cc1Cl
1,CC(=O)c1ccc(N2CCN(C(=O)Nc3cccc(Cl)c3)CC2)cc1
1,O=C(CNC1CCCc2ccccc21)Nc1ccccc1Br
1,N#CC(C#N)=NNc1ccc(OC(F)(F)F)cc1
1,O=C(c1c[nH]c(=O)c(Br)c1)N1C2CCC1c1ccccc12
1,OCC1OC(n2cnc3c(S)ncnc32)C(O)C1O
1,O=C(Nc1ccc2oc(C3CC3)nc2c1)c1cc(C2CC2)nn1-c1ccccc1
1,CCCCOc1ccc2nnc(-c3ccc(Br)cc3)n2n1
0,O=[N+]([O-])c1ccc(C=NCCSc2ccc(Cl)cc2)s1
1,N#Cc1c2ccc([N+](=O)[O-])cc2c(=O)n2ccccc12
1,CC(=NOCC(=O)NC12CC3CC(CC(C3)C1)C2)c1cc2ccccc2o1
1,O=C1Nc2cc(Br)ccc2C1=C1Nc2ccccc2C1=NO
1,COc1ccc(Cl)cc1C(=O)NNC(=S)NC(=O)c1cccnc1
1,O=C(C=Cc1ccsc1)Nc1nnc(-c2ccoc2)[nH]1
0,Cc1cc(NS(=O)(=O)c2ccc(NCN3C(=O)c4ccccc4C3=O)cc2)no1
1,Cc1csc(C(C#N)C(=O)COc2ccc(Cl)cc2Cl)n1
0,CCCOc1ccc(C(=O)NC(=S)NNC(=O)c2cnccn2)cc1
0,COc1c(O)c2c(=O)cc(OC)c3c4c(OC)cc(O)c5c(=O)c(OC)c6c(c(c1[C@H](C(C)=O)[C@](C)(O)C6)c23)c54
1,CN(Cc1cnn(-c2ccccc2)c1)C(=O)c1ccc2ncsc2c1
1,Cc1c(C(=O)N=c2sccn2C)oc2ccccc12
0,Oc1cccc2ccc(Nc3ccccn3)nc12
1,COc1ccc(OC)c(N2CC(C(=O)Nc3ccc(O)c4ccccc34)CC2=O)c1
0,COc1ccc(C(=O)CCN(C)C)cc1
1,NC(=O)c1cc(-c2csc(-c3cccnc3)n2)ccc1O
0,O=C(Nc1ccc2c(c1)OCO2)c1ccc([N+](=O)[O-])s1
1,O=C(NNC(=S)NC(=O)c1ccc(F)cc1)c1ccc(Cl)cc1
1,CCCc1ccc(Oc2c[nH]nc2-c2ccc(O)cc2O)cc1
1,CC(NC(=O)COc1c(Br)cc(Br)c2cccnc12)c1ccco1
1,Fc1ccc(Nc2nc(-c3ccccn3)cs2)cc1
0,CCN(CC)CCC(=O)c1ccc(OC)c(OC)c1
1,Oc1ccc(C=NNc2ccc3ccccc3n2)c(O)c1
1,CC(=O)c1ccc(-c2ccc(C(=O)N3CCCSc4ccccc43)o2)cc1
0,CCCCC(=O)NC(c1cccs1)c1ccc2cccnc2c1O
1,CCOCc1c(C(=O)NNC(=O)c2ccccn2)oc2ccccc12
1,CC(Nc1cc(C(F)(F)F)nc(-c2ccccn2)n1)c1nc2c(s1)CCCC2
1,CCOC(=O)c1c(C)nn(-c2ncccc2NC(=O)Nc2cccc(Cl)c2Cl)c1C
1,CC1(c2ccc3c(c2)CCC3)NC(=O)N(Cc2nnc(-c3ccccc3Br)o2)C1=O
1,COc1cccc(CN(C)CCC(=O)NC(=O)Nc2ccc3c(c2)OCCO3)c1
1,CN(C)c1cccc(C(=O)NNC(=O)Cc2cccc3ccccc23)c1
1,O=[N+]([O-])c1cnc(Nc2cccc3nonc23)c([N+](=O)[O-])c1
1,Oc1ccc(-c2nc3ccc4ccccc4c3c3c2CCCC3)cc1
1,Cc1ccc(C(=O)CC(=O)c2ccccc2C)c(O)c1
1,CSc1nsc(NC(=O)NC2CCCC(C3CC3)C2)n1
1,O=C(O)c1cc(-c2cccc3c2Sc2ccccc2S3)cc(-n2cnnn2)c1
0,O=C(C=Cc1ccco1)NC(=S)Nc1ccc(S(=O)(=O)Nc2nccs2)cc1
1,O=C(NC(Cc1ccccc1)C(=O)Nc1ccc2nc(N3CCOCC3)sc2c1)c1ccco1
1,N#CC(C(=O)c1coc(Br)c1)c1nc2ccccc2o1
1,O=C(Cn1cnc([N+](=O)[O-])c1)Nc1ccc(Oc2ccccc2Cl)cc1
1,Oc1ccc(Cl)cc1-c1cc(C(F)(F)F)on1
1,COCCNS(=O)(=O)c1cc(C(=O)O)cc(-n2cccn2)c1
1,COc1ccc(CC(=O)NNC(=S)NC(=O)C(C)(C)C)cc1
0,O=C(CC(=O)c1ccccc1)Cc1ccccc1[N+](=O)[O-]
1,COc1ccc(-c2c(O)c3c(OC)c4c(cc3oc2=O)OC(C)(C)C=C4)cc1
1,O=C(Nc1ccc(Cl)c(Cl)c1)c1cn(Cc2ccccc2)nn1
1,CCCCOc1ccc(C(=O)NC(=S)Nc2cccc(C(=O)O)c2)cc1
1,N#CC(C(=O)c1cnn2c1CCCC2)c1nc(-c2ccncc2)cs1
1,O=C(CC1SC(=NCc2ccco2)NC1=O)Nc1ccc(Oc2ccccc2)cc1
1,O=C(Nc1ccccc1)Nc1ccc(Cl)cc1[N+](=O)[O-]
1,Cc1ccc(OCC(=O)NN=Cc2c(O)ccc3ccccc23)c([N+](=O)[O-])c1
1,Cc1ccc(C(=O)Nc2nnc(-c3ccoc3C)o2)cc1C
0,O=c1[nH]c(=O)n(C2C[C@@H](O)[C@@H](CO)O2)cc1F
1,CCC(=O)NC(=S)NNC(=O)c1ccc(OCc2ccccc2)cc1
1,C=CC(=O)Oc1ccc(N2Cc3ccccc3C2=O)cc1
1,N#CC(C(=O)c1occc1-c1ccccc1)c1nc2ccccc2o1
1,CCC(=O)N1CCCC(C(=O)C(C#N)c2nc3ccccc3o2)C1
0,Cc1nc(C(=O)Nc2[nH]c(=O)ncc2F)c(-c2ccccc2)o1
1,COC(=O)c1cc(-c2ccccc2)sc1NC(=S)NCCn1cc(Br)cn1
0,N#Cc1c(N=Cc2ccc([N+](=O)[O-])o2)sc2c1CCCC2
1,O=C(CSc1nc2ccccc2o1)c1nnc(-c2ccccc2)o1
0,Cc1nc2c3ccccc3nc(SCCS(=O)(=O)Oc3ccccc3)n2n1
0,CCN(Cc1cccs1)C(=O)NNC(=O)c1nn(-c2ccccc2)cc1O
1,O=C(Nc1ccccc1)Nc1ccc(Br)c(C(F)(F)F)c1
1,COc1cc([N+](=O)[O-])ccc1NC(=S)NNC(=O)c1cn(C)c2ccccc12
1,N#Cc1ccccc1OCC(=O)Nc1nn2cc(-c3ccccc3)nc2s1
1,O=C(NNC(=O)c1csc(COc2ccc(F)cc2)n1)c1ccccn1
0,O=C(Nc1ccccc1C(=O)NCCCn1ccnc1)c1ccc([N+](=O)[O-])o1
0,CCC(C)(CC(=O)NNC(=O)c1ccccc1O)Cc1nc2ccccc2s1
0,O=C(Nc1[nH]c(=O)ncc1F)c1coc(-c2ccccc2)n1
1,Cc1cc(Nc2cccc(C(F)(F)F)c2)n2ncc(C#N)c2n1
0,C=CCNC(=S)NNC(=O)c1ccccc1O
1,Cc1ccnc(NC(=O)c2c[nH]c3ccc(Br)cc23)c1
1,O=C(NCCNc1ccc([N+](=O)[O-])cc1C(F)(F)F)c1cccc(Cl)c1
1,O=C1c2ccccc2C(=O)C12OC2c1cccc(F)c1
0,COc1ccc(C(NC(C)=O)c2ccc3cccnc3c2O)c(OC)c1
1,COc1ncccc1C(=O)NNC(=O)c1nc(-c2ccccc2)n(-c2ccccc2)n1
1,O=C1Nc2ccc(F)cc2C1=NNC(=S)NC1CC2C=CC1C2
0,O=[N+]([O-])c1ccc(NC(c2ccccn2)c2ccc3cccnc3c2O)cc1
1,O=C(COc1ccc(Cl)c2ccccc12)Nc1nnc2ccccn12
0,CN(CC(=O)NC(C)(C)C)Cc1cc(Cl)c2ccccc2c1O
1,Cc1csc2c(-n3cc([N+](=O)[O-])cn3)ncnc12
0,CC(=O)S[C@@H]1CC2=CC(=O)CC[C@]2(C)[C@H]2CC[C@@]3(C)[C@@H](CC[C@@]34CCC(=O)O4)C12
1,CCOC(=O)c1ccc(NNC(=S)Nc2ccccc2)c([N+](=O)[O-])c1
1,C=Cc1c(C)c2[n]3c1C=c1c(C)c(CC)c4[n]1[Cu]31[n]3c(c(C)c5c3C(=c3c(CCC(=O)O)c(C)c([n]31)=C2)C(C(=O)O)C5=O)C=4.[Na+3].[Na+3]
1,O=C1CC(N2CCC(c3nc4ccccc4[nH]3)CC2)C(=O)N1Cc1ccccc1
1,O=C(NCc1ccccn1)c1csc(Nc2ccccc2Cl)n1
1,CCn1c(NC(=O)CCn2ccc3ccccc32)nc2ccccc21
0,N#Cc1ncn(CC(=O)N(Cc2ccc(F)cc2)C23CC4CC(CC(C4)C2)C3)n1
1,CC(C)CN1C(=O)c2ccc(C(=O)Nc3cc([N+](=O)[O-])ccc3O)cc2C1=O
1,Oc1cc(C(F)(F)F)nn1-c1nc2ccccc2s1
1,O=C(Nc1ccc(Cl)cc1)c1ccc2c(c1O)C(=O)c1ccccc1C2=O
1,O=C(COc1ccccc1-c1ccccc1)NNC(=O)c1cccc[n+]1[O-]
1,COc1ccc(NC(=O)c2ccc(NC(=O)C3CC3)s2)cc1Cl
0,Cc1cc(NS(=O)(=O)c2ccc(NC(=S)Nc3ccccc3C(F)(F)F)cc2)no1
0,COc1cccc2cc(C(=O)Nc3[nH]c(=O)ncc3F)oc12
1,N#CSC(CS(=O)(=O)c1cccc([N+](=O)[O-])c1)c1ccccc1
0,C[C@H]1O[C@@H](n2cc(F)c(=O)[nH]c2=O)[C@H](O)[C@@H]1O
1,O=C(C=CC(=O)c1ccc(F)cc1)c1ccc(F)cc1
0,O=C(OCCS(=O)(=O)c1ccc(C(F)(F)F)cn1)c1ccccc1
0,COC(=O)c1c(NC(=S)NNC(=O)c2ccccn2)sc(C)c1-c1ccccc1
0,CC(C)(C)c1cc(O)c(O)c(CN2CCN(c3ncccc3C#N)CC2)c1
0,CC(=O)NC(c1ccc(F)cc1)c1ccc2cccnc2c1O
1,CC(=O)Nc1ccc(OC(=O)c2ccccc2O)cc1
1,CCOC(=O)N1CCN(C(=O)c2ccccc2NC(=O)C(c2ccccc2)c2ccccc2)CC1
1,O=C1CN(C2CCCC2)c2cc(Br)c(F)cc2N1
0,Nc1cccc2c([N+](=O)[O-])cccc12
1,Cc1onc(-c2c(F)cccc2Cl)c1C(=O)N[C@@H]1C(=O)N2C(C(=O)O)C(C)(C)S[C@H]12
0,O=C1C=CC(=O)N1Cc1cccs1
1,CC1(c2ccc(OC(F)F)cc2)NC(=O)N(N=CC(Cl)=Cc2ccccc2)C1=O
1,COc1ccccc1NC(=O)COc1ccc(C(=O)Nc2ccccc2CC(N)=O)cc1OC
1,Cc1cc(C)c(O)c(NC(=S)NC(=O)c2ccccc2Br)c1
0,N[C@@H](CCl)C(=O)O
1,CCCCCCCCc1nnc(NC(=O)c2nccnc2N)s1
0,Nc1nc2ccccc2n1N=Cc1ccc([N+](=O)[O-])o1
0,Oc1ccc(CN2CCN(Cc3ccc(Br)s3)CC2)c2cccnc12
1,COc1nc(OC)nc(-n2cnc(NC(=O)Nc3ccc(Cl)cc3)n2)n1
1,Cc1cc(NC(=S)NNC(=O)c2cccnc2Oc2ccccc2)ccc1Br
0,O=[N+]([O-])C=Cc1ccc([N+](=O)[O-])cc1
0,C=CCn1c(=O)c(C(=O)NCc2ccc3c(c2)OCO3)c(O)c2ccccc21
1,COc1ccc2nc(C3C(=O)c4ccccc4C3=O)sc2c1
1,O=[N+]([O-])c1ccc(-c2nc(NCCCN3CCOCC3)c3ccccc3n2)cc1
1,N#Cc1ncn(CC(=O)Nc2nc(-c3cc4ccccc4o3)cs2)n1
0,O=C1C(=O)N(CN2CCc3sccc3C2c2ccccc2)c2ccc(F)cc21
1,Cc1ccc(C)c(C(C)NC(=S)Nc2ccc([N+](=O)[O-])cc2)c1
0,Nc1ccc(S(=O)(=O)c2ccc(N)cc2)cc1
0,Oc1ccc(CN2CCN(c3ccccn3)CC2)c2cccnc12
1,Cc1ccc(NC(=O)C(=O)NNC(=O)C(C)Oc2ccc(Cl)cc2Cl)cc1
1,O=C(C=Cc1cnn(-c2ccccc2)n1)N(Cc1cccnc1)C1CC1
0,Cc1ccc(C(C)C)cc1OCC(=O)NN=Cc1cc([N+](=O)[O-])ccc1O
1,O=C(O)c1cc(-n2cccn2)cc(S(=O)(=O)N2CCCCCC2)c1
1,CC(=O)Nc1ccc(C(=O)Nc2ccc3c(c2)OC2(CCCCC2)O3)s1
1,CCc1ccc(Nc2nc(N)nc(CN3CCN(c4ccccc4F)CC3)n2)cc1
1,Cc1cc(C(=O)N=c2sccn2C)c(C)n1Cc1ccco1
0,O=c1[nH]c(=O)n(C2CCCO2)cc1F
1,Cc1nc(NS(=O)(=O)c2ccc(Cl)s2)c2c3c(sc2n1)CCCC3
0,CC(=O)[O][Hg][c]1ccccc1
1,CNc1ncnc(NNC(=O)Nc2ccc(OC(F)(F)F)cc2)c1[N+](=O)[O-]
1,O=C(COc1ccc2c(c1)CCC2)Nc1nnc(-c2ccccc2)o1
0,CCc1ccc(C=CC(=O)Nc2[nH]c(=O)ncc2F)o1
1,CCn1c(C)nc2cc(C(=O)NNC(=S)NC(=O)c3ccccc3)ccc21
1,CC(C)c1ccc(C(=O)NC(=S)Nc2ccc(C(=O)O)c(Cl)c2)cc1
1,CCOC(=O)c1c(C)oc(NC(=O)Nc2cccc(Cl)c2)c1C(N)=O
1,C=CC(C)c1c(CCC)nc(-c2ccccn2)[nH]c1=O
0,COC(=O)c1ncn(CN(CC2CCCCC2)C2CC2)n1
0,CC[C@@H]1OC(=O)C[C@@H](O)[C@H](C)[C@@H](O[C@@H]2O[C@H](C)[C@@H](O)[C@H](N(C)C)[C@H]2O)[C@@H](CCN2C[C@H](C)C[C@H](C)C2)C[C@@H](C)C(=O)C=CC(C)=C[C@@H]1CO[C@@H]1O[C@H](C)[C@@H](O)[C@@H](OC)[C@H]1OC
1,Cc1cc(Cl)cc(C)c1OC(C)C(=O)NNC(=O)c1cnccn1
1,CC(NS(=O)(=O)C(Cl)=C(Cl)c1ccccc1)c1cc2ccccc2o1
1,CCOC(=O)c1c(NC(=O)Cn2cnc(C#N)n2)sc(C)c1CC
0,Nc1nonc1C(=O)NN=Cc1c(O)ccc2ccccc12
0,O=[N+]([O-])c1cccc(C(Nc2cccnc2)c2cc(Cl)c3cccnc3c2O)c1
1,Cc1ccc(O)c(NC(=S)NC(=O)c2cccc3ccccc23)c1
1,O=C(Nc1nc(-c2ccccn2)cs1)c1ccc(N2CCOCC2)nc1
1,O=C(Nc1ccccc1F)C(=Cc1cc(-c2cccnc2)[nH]n1)C(=O)Nc1ccccc1F
0,COc1cnc(NS(=O)(=O)c2ccc(N)cc2)nc1
1,Cc1nccnc1-c1ccnn1C(=O)Nc1cc(Cl)cc(Cl)c1
1,CCc1ccc(OCC(=O)NNC(=O)c2ccccc2O)cc1
1,CC(=O)c1ccc(NC(=S)NNC(=O)c2ccc(OC(C)C)cc2)cc1
0,CCC(=O)NC(c1ccccc1OC)c1cc([N+](=O)[O-])c2cccnc2c1O
0,CCC(Oc1ccccc1)C(=O)NNC(=O)c1cc2ccccc2cc1O
1,O=C(Nc1nnc(C2CC2)s1)c1sc2ccccc2c1Cl
1,O=C(NC(=S)Nc1ccccc1O)c1ccc(Cl)cc1Cl
1,O=C1NC(=S)SC1=Cc1ccc(O)c(I)c1
1,N#Cc1ccc(OCC(=O)NNC(=S)NC(=O)C23CC4CC(CC(C4)C2)C3)cc1
1,O=C(C=Cc1ccccc1Cl)NC(=S)NNC(=O)c1cccs1
1,CCc1cc(NCC2Cc3ccccc32)nc(-c2ccccn2)n1
1,O=c1oc(-c2ccccc2Cl)nc2ccsc12
1,O=C(Cc1ccccc1Cl)Nc1nc(-c2ccccn2)cs1
0,N[C@@H](C(=O)O)[C@@H]1CC(Cl)=NO1
1,O=C(c1ccc(Cl)cc1)[C@H]1N[C@@H]1c1ccc([N+](=O)[O-])cc1
1,O=C(COc1ccc(Cl)cc1Cl)NNC(=S)NC(=O)c1ccccc1
0,O=C(NNC(=O)c1nn(-c2ccc(Cl)cc2)cc1O)c1ccc2ccccc2n1
1,CCC(=O)NC(=S)NNC(=O)c1ccc(NC(=O)c2ccccc2)cc1
1,CC(C)(C)c1ccc(O)c(NC(=O)Cn2c(S)nnc2-c2cccs2)c1
1,COc1ccc(C(=O)NNC(=S)NC(=O)C(C)(C)C)cc1
0,N=C(NCCCCCCNC(=N)NC(=N)Nc1ccc(Cl)cc1)NC(=N)Nc1ccc(Cl)cc1
0,COCCCNC(=S)NNC(=O)c1ccccn1
1,CC(OC(=O)c1cccc(Cl)c1)C(=O)N1CCN(c2ccccc2)CC1
0,Fc1ccc(NC2=NCCN2)cc1
1,Nc1ncnc2sc3c(c12)CCN(C(=O)c1cc(-c2cccs2)nn1-c1ccccc1)C3
1,CCc1ccc(OCC(=O)NNC(=O)c2cnccn2)c(Br)c1
1,CCOC(=O)c1ccc(NC(=S)NC(C)c2ccc(Cl)cc2)cc1
1,COc1ccccc1NC(=O)C(=O)NNC(=O)COc1ccc2ccccc2c1
1,Cc1cc(C)c2ccc(C=NO)nc2c1O
1,O=C(Nc1sc2c(c1C(=O)O)CCCC2)c1ccc(Br)cc1
1,N#CC(C(=O)NC1CCCC1)C(=O)c1cc2c(s1)-c1ccccc1OC2
0,CCOC(=O)NC(Nc1ccc(S(=O)(=O)Nc2nccs2)cc1)(C(F)(F)F)C(F)(F)F
0,O=[N+]([O-])c1ccc(C=NO)s1
0,CC(=NNc1nc(C)cc(C)n1)c1ccccn1
1,O=C(Cc1ccccc1)NCCC(=O)Nc1cccc(C=Cc2ccccn2)c1
0,O=[N+]([O-])c1ccc(CNc2cccc(Cl)c2)s1
0,CC(C)c1ccc(-c2csc(N=C(N)N)n2)cc1
1,Cc1onc(-c2c(Cl)cccc2Cl)c1-c1nnc(NC(=O)c2ccco2)s1
0,CC(C)(C)c1ccc(S(=O)(=O)C=CC#N)cc1
0,COC(=O)c1cn(CN2CCN(c3cccc(Cl)c3)CC2)nn1
0,O=C(NN=Cc1ccc([N+](=O)[O-])s1)c1nc(-c2ccc([N+](=O)[O-])o2)no1
1,O=C(Nc1ccc(Cl)c(Cl)c1)N1CCN(c2ccccc2O)CC1
1,Cc1nc(-c2ccccn2)nc(N(C)c2ccccc2)c1Cl
1,COc1ccc(Nc2nc3nonc3nc2Nc2ccc(F)cc2)c(OC)c1
0,O=C(NN=Cc1ccccc1O)c1ccc([N+](=O)[O-])o1
1,O=C(Cc1cn2ccsc2n1)OCC(=O)N1N=C(c2ccc(Cl)cc2)CC1c1ccco1
1,Cc1c(C(=O)CC#N)sc2ccc(Cl)cc12
1,CC(NC(=S)NN=Cc1cc(Cl)cc(Cl)c1O)c1ccccc1
0,CC(=NNC(N)=S)c1ccccn1
0,O=C(Cc1cn2ccsc2n1)NNC(=O)c1cc(Cl)ccc1O
0,O=C(Oc1ccc([N+](=O)[O-])c2cccnc12)C1(S(=O)(=O)c2ccccc2)CCCC1
0,Cc1ccc(CNC(=O)NNC(=O)c2cc3ccccc3cc2O)cc1
0,CC(C)N(CCC(=O)c1ccc2ccccc2c1)Cc1ccccc1
1,COc1cccc2c1C(=O)c1c(O)c3c(c(O)c1C2=O)C[C@@](O)(C(=O)CO)C[C@@H]3OC1C[C@H](N)[C@H](O)[C@H](C)O1
1,Cc1oc(C(=O)NNC(=O)Nc2cccc(C(F)(F)F)c2)nc1-c1ccccc1
1,O=C(NNC(=O)c1nccc2ccccc12)c1cc2c(s1)CCC2
1,O=C(C=Cc1ccccc1)NCCC(=O)Nc1ccc(O)c2ccccc12
1,CCOC(=O)c1sc2ncc([N+](=O)[O-])cc2c1N
1,CCCCCn1c(=O)c(C(=O)NCc2ccncc2)c(O)c2ccccc21
0,Oc1cccc2ccc(CNc3ccc4c(c3)OCCO4)nc12
0,O=[N+]([O-])c1ccc2nc(C(F)(F)F)[nH]c2c1
0,CC[C@H](C)[C@H](NC(N)=O)C(=O)OCC(=O)c1ccc(Cl)cc1
1,Cc1ccc(-c2cc(NC(=O)Cn3cnc(C#N)n3)n(-c3ccccc3)n2)cc1
1,O=C(C[n+]1ccccc1)NN=Cc1ccc(O)cc1O
1,O=C(NNC(=O)c1cc(-c2ccc(Cl)cc2)on1)c1ccccn1
0,O=[N+]([O-])c1ccc2n[se]nc2c1
1,O=C1NC(=S)SC1=Cc1cc(I)c(O)c(I)c1
0,COc1ccc(-c2cc(=O)c3ccccc3o2)cc1
1,Cc1noc(C)c1COC(=O)c1cc2c(s1)CCC(C)C2
1,O=C(NCCN1CCCC1)C1CCN(c2ccc(-c3ccc(Br)s3)nn2)CC1
1,COc1ccccc1N1CCN(C(=O)c2ccccc2Nc2ccccc2)CC1
1,O=[N+]([O-])c1cc(Cl)cc(C2NC(c3ccccc3)=NO2)c1O
0,S=C(NCCN1CCOCC1)NNc1ccc2ccccc2c1
1,O=C1C(=Cc2ccc(O)c(O)c2)SC(=S)N1c1cccc(F)c1
1,O=C(NNC(=O)C(Cc1c[nH]c2ccccc12)NS(=O)(=O)c1ccc(Cl)cc1)c1ccccn1
1,Cc1cc2ccccc2n1CC(=O)Nc1nccn1Cc1ccccc1
1,O=C(O)CN1C(=O)C(=Cc2ccc(-c3ccc([N+](=O)[O-])cc3)o2)SC1=S
1,CC(=O)c1ccc(N2CCN(C(=O)Nc3cccc(C(F)(F)F)c3)CC2)cc1
1,O=C(Nc1nc2c(s1)CCCC2)c1ccc2ncsc2c1
1,COc1cc([C@@H]2c3cc4c(cc3C(OC3O[C@@H]5COC(C)O[C@H]5[C@H](O)[C@H]3O)C3COC(=O)[C@@H]32)OCO4)cc(OC)c1O
1,CCN1C(=O)C(=C(C)NNC(=O)CSc2ccc(Cl)cc2)C(=O)N(CC)C1=S
1,O=C(Nc1nnc(-c2ccccc2)o1)c1cccc(C(F)(F)F)c1
1,Cc1c(N)nc([C@H](CC(N)=O)NC[C@H](N)C(N)=O)nc1C(=O)N[C@@H](C(=O)N[C@H](C)[C@@H](O)[C@H](C)C(=O)N[C@@H](C(=O)NCCc1nc(-c2ncc(C(=O)NCCC[S+3](C)C)s2)cs1)[C@@H](C)O)[C@@H](O[C@@H]1O[C@@H](CO)[C@@H](O)[C@H](O)[C@@H]1O[C@@H]1O[C@H](CO)[C@@H](O)[C@@H](OC(N)=O)[C@@H]1O)c1c[nH]cn1
0,O=C(O)Cc1c[nH]c2ccc(O)cc12
0,CC(CC(=O)NNC(=O)c1cc(Cl)ccc1O)NC(=O)c1ccccc1
1,N#Cc1ccc(C=C2SCCc3ccccc3C2=O)cc1
1,O=C(Nc1cccc(C(F)(F)F)c1)n1nc(C(F)(F)F)c2cnccc21
1,Cc1ccc(C(=O)C#Cc2ccccc2)cc1
1,O=C(OC1CCCCc2ccccc21)c1c[nH]n2c1nc(=O)c1ccccc12
1,O=C(Nc1cc(C(=O)Nc2ccccc2O)cc(C(=O)Nc2ccccc2O)c1)c1ccccc1
1,Oc1cccc2ccc(C=NNc3ccc4ccccc4n3)nc12
1,Cc1cccc(OCC(=O)Nc2nc3ccc(Cl)cc3o2)c1
1,CC=C(C(=CC)c1ccc(O)cc1)c1ccc(O)cc1
1,O=C(c1ccc([N+](=O)[O-])s1)N(Cc1cccs1)Cc1cccs1
1,O=C(COC(=O)c1ccc(Cl)cc1[N+](=O)[O-])NNC(=O)c1cccs1
0,CC12CCC(C(=O)N(NC(=O)c3ccccc3O)C1=O)C2(C)C
1,Cc1c(C(=O)C=Cc2cn(CC(=O)O)nn2)cnn1-c1cccc(Cl)c1
1,Cc1cc(SC2CCCCC2)ccc1NC(=O)c1sc(-c2ncccn2)nc1C
1,CC(C)c1c(O)ccc2c1CCC1[C@@](C)(C=O)CCC[C@]21C
1,COC(=O)c1sc2cc(NC(=S)NNC(=O)c3ccoc3C)ccc2c1Cl
1,Cc1ccc(C)c(OCC(=O)Nc2cc(Cl)ccc2C(=O)O)c1
1,CCC1(C(=O)N2CCc3[nH]c4ccc(C(=O)O)cc4c3C2)CCC1
1,Oc1ccc(Cl)cc1-c1cc(C(F)(F)F)[nH]n1
1,COc1cn(-c2ccccc2)nc1C(=O)C(C#N)c1nc2ccccc2o1
1,Oc1ccc(-c2nc3ccccc3s2)c(Cl)c1O
1,O=C1NC(Cc2c[nH]c3ccccc23)C(=O)N1CCCOc1ccc(F)cc1
1,O=C(NNC(=O)c1cc(Br)c(Br)s1)c1cc(-c2ccccc2)n[nH]1
1,CCc1cc(C(=O)NNC(=O)Cn2c(C(F)(F)F)nc3ccccc32)sc1C
1,O=C(Cc1cccc2ccccc12)NNC(=O)c1cnn(-c2ccccc2)c1
1,CCCCCCCCc1ccc(C(=O)O)cc1
0,COc1ccc(CCNC(=S)NNC(=O)c2ccccn2)cc1OC
0,CC(=O)NC(c1ccc(Cl)cc1Cl)c1ccc2cccnc2c1O
1,Cc1nc(-c2ccccn2)nc(N2CCCC2)c1Cl
0,O=C(NNC(=S)Nc1cccc([N+](=O)[O-])c1)c1ccccn1
0,CN(C)[C@@H]1C(=O)C(C(N)=O)C(=O)[C@@]2(O)C(=O)C3C(=O)c4c(O)cccc4[C@@](C)(O)[C@H]3[C@H](O)[C@@H]12
1,CCOc1cc(C(=O)NNC(=O)c2ccccc2O)cc(Br)c1OC
1,CCOC(=O)c1c(N)sc2c(OC)c(Br)ccc12
1,O=C(NNC(=S)NC(=O)c1cccc([N+](=O)[O-])c1)c1ccc(Br)cc1
0,O=C(Nc1ccccc1Br)c1ccccc1O
1,Cc1cnn(-c2cc(C(=O)O)cc(S(=O)(=O)N3CCOCC3)c2)c1
1,O=C(OCc1cc(=O)oc2cc(O)ccc12)c1ccc(N2CCCCC2)c([N+](=O)[O-])c1
1,COc1ccc(C(=O)Nc2nc(-c3ccccn3)cs2)cc1[N+](=O)[O-]
1,COc1ccc(Cl)cc1NC(=S)NCCCn1nc(C)c(Br)c1C
1,COc1cccc2c1C(=O)c1c(O)c3c(c(O)c1C2=O)C[C@@](O)(C(=O)CO)C[C@@H]3OC1C[C@H](N)[C@H](O)[C@H](C)O1
1,COc1ccccc1C(=O)NC(=S)NNC(=O)c1ccccc1C
1,Cc1onc(-c2ccccc2)c1C(=O)NC1C(=O)N2[C@@H]1SC(C)(C)[C@@H]2C(=O)O
0,O=C(C=Cc1cccs1)NC(=S)NNC(=O)c1ccccc1O
1,CCn1c2ccccc2c2cc(N3C(=O)Cc4c3nc(N)c(C#N)c4N)ccc21
1,CC(C)c1ccc(-c2nnc(NC(=O)c3cn4ccccc4n3)s2)cc1
1,Cc1ccccc1C(=O)c1coc2ccc(Cl)cc2c1=O
1,COC(=O)C(Cc1ccccc1)NC(=O)Nc1ccc(Cl)c(Cl)c1
1,COc1ccc(-n2c(Cn3cnc(C#N)n3)nc3ccccc32)cc1
0,S=C(NCc1cccnc1)SCc1cc(Cl)sc1Cl
1,O=[N+]([O-])c1ccc2nc(C=Cc3cccnc3)sc2c1
0,CCOC(=O)c1c(C)[n+](C)c(Br)n1C
1,CSc1nc2cc(Cl)c(Oc3cccc(Cl)c3Cl)cc2[nH]1
1,Cc1nc(NN)c2cc(-c3ccccc3)sc2n1
1,CCS(=O)(=O)c1ccc2oc(CN3C(=O)SC(=Cc4ccccc4Cl)C3=O)nc2c1
1,CC(=O)c1cccc(NC(=S)Nc2ccc(F)c(Cl)c2)c1
1,COc1ccc(C(=O)NC(=S)Nc2cc(C)cc(C)c2O)cc1OC
1,CCOc1cc(-c2nc3ccc4ccccc4c3c3c2CCC3)ccc1O
1,O=C(Nc1ccc(C(=O)N2CCc3ccccc32)s1)c1ccco1
1,Cc1nn(-c2ccccc2)c(O)c1C=NNC(=O)c1cccc(F)c1
0,CC(=NN=C(Nc1ccccc1)c1ccccn1)c1ccccn1
1,NC(=O)c1cc(-c2csc(-c3cccs3)n2)ccc1O
1,O=C(OCc1noc(-c2ccsc2)n1)C1(c2ccccc2)CCC1
1,N#CC(C(=O)c1ccc(Cl)cc1)C(=O)c1coc2ccccc12
0,O=C(O)c1ccc(N2CCN(c3ccccn3)CC2)c(NC(=O)c2cccs2)c1
1,COc1ccc(CCNC(=S)N2CCCc3ccccc32)cc1OC
1,S=c1[nH]c2c(Cl)c(Cl)c(Cl)cc2o1
1,COc1cc(C=C(C#N)C(=O)c2ccc(O)c(O)c2)cc(I)c1O
1,CN(Cc1nc2ccccc2s1)Cc1cc2c(cc1O)CCC2
0,O=C(CCc1cc(Cl)cs1)Nc1[nH]c(=O)ncc1F
0,COc1ccc(NS(=O)(=O)c2ccc(N)cc2)nn1
1,Oc1c2c(nn1-c1nc3ccccc3s1)CCCC2
0,NS(=O)(=O)C#Cc1ccccc1
1,Cc1cc(C)c2oc(NC(=O)C3CSC4(C)CCC(=O)N34)nc2c1
1,CC(=O)Nc1cccc(C(=O)Nc2nc(C)c(Cc3ccc4c(c3)OCO4)s2)c1
0,CCC(C)C1NC(=O)C(CCN)NC(=O)C(NC(=O)C(CCN)NC(=O)C(NC(=O)C(CCN)NC(=O)CCCCC(C)C)C(C)O)CCNC(=O)C(C(C)O)NC(=O)C(CCN)NC(=O)C(CCN)NC(=O)C(C(C)CC)NC1=O
1,CC(C)(C)c1cc(C=C(C#N)C#N)cc(C(C)(C)C)c1O
1,COc1ccc(C(=O)Nc2ccc([N+](=O)[O-])cc2O)cc1Cl
1,CCCOc1ccc(C(=O)NNC(=S)NC(=O)c2cccnc2)cc1
1,CCCn1nnc(NC(=S)NC(=O)c2ccc(OCC)c(Cl)c2)n1
1,CSC(=NS(=O)(=O)c1cc(Cl)sc1Cl)SC
1,O=C(C=Cc1ccc([N+](=O)[O-])o1)Nc1ccc(N2CCOCC2)cc1
0,Cc1cc(NS(=O)(=O)c2ccc(NC(=S)NC(=O)C=Cc3cccs3)cc2)no1
1,CCn1c(=S)[nH]c2scc(-c3ccc(OC)cc3)c2c1=O
1,N#Cc1cnn2c(=O)cc(CSc3ncnc4c3cnn4-c3ccccc3)[nH]c12
1,O=C(NC(=S)NNC(=O)c1ccccc1O)c1cccs1
1,NC(=NOC(=O)c1csc([N+](=O)[O-])c1)c1cccc(C(F)(F)F)c1
0,CCOC(=O)c1c(NC(=S)NNC(=O)c2ccccn2)sc2c1CCCCC2
1,COc1ccc(-c2nn(-c3ccccc3)cc2C=NN2C(=O)NC3(CCCCC3)C2=O)cc1
0,CCOC(=O)CCc1ccc2c(c1)NC(c1ccc([N+](=O)[O-])s1)O2
1,CCC(=O)c1ccc(OCC(=O)Nc2nc(-c3ccccn3)cs2)cc1
0,O=C(CNC(=O)c1ccc2c(c1)OCO2)Nc1nc2cc(C(F)(F)F)ccc2n1Cc1ccco1
1,Cc1ccc(OCC(=O)NN=Cc2cccc([N+](=O)[O-])c2O)c([N+](=O)[O-])c1
1,Cc1csc(-c2nc3sc4c(c3c(=O)[nH]2)CCC4)n1
1,O=C(Nc1ccc([N+](=O)[O-])cc1)Nc1ccc(Br)cc1F
1,O=C(NC(=S)Nn1cnc2c(cnn2-c2ccccc2)c1=O)c1ccc(Cl)cc1
1,O=C(Nc1ccc(Cl)cc1)Nc1cc(Cl)cc(Cl)c1
1,O=C(Nc1nc2cc(C(F)(F)F)ccc2n1Cc1ccco1)c1ccoc1
0,COc1ccc(-c2cc(-c3ccc(OC)c(OC)c3)[nH]n2)c(O)c1
1,O=C(COc1ccc(Nc2ccccc2)cc1)NCc1cnn(-c2ccccc2)c1
1,CC(C)(C)n1nc(C(=O)OC2CCCCCC2)cc1C1CC1
1,Cc1cc(C=NNc2nc3ccccc3s2)cc(C)c1O
1,Cc1cc(C)nc(-n2nc(C)c(C#N)c2NC(=O)c2ccccc2)n1
1,COc1ccc(C(=O)NC(=S)NNC(=O)Cc2cccs2)cc1
0,CCn1c(N=NNc2nc3ccccc3n2CC)nc2ccccc21
1,Cc1ccc(NC(=O)c2nnc(CN(C)Cc3c(F)cccc3Cl)s2)cc1
0,O=C(COC(=O)c1ccc([N+](=O)[O-])s1)c1ccc(Cl)s1
1,O=C(C=Cc1ccccc1[N+](=O)[O-])Nc1ncc([N+](=O)[O-])s1
1,Cc1nn(-c2ccccn2)c(C)c1C=Cc1ccc([N+](=O)[O-])cn1
0,Oc1c(C(Nc2nccs2)c2cccs2)ccc2cccnc12
1,O=C(Nc1cccc(Cl)c1)N1CCN(c2cnccn2)CC1
1,Cc1cc2c(C(C)C)c(O)c(O)c(C=O)c2c(O)c1-c1c(C)cc2c(C(C)C)c(O)c(O)c(C=O)c2c1O
0,CNS(=O)(=O)c1ccc(C(=O)Nc2cccc(-c3c[nH]nn3)c2)cc1
1,Cc1cc(C(=O)Nc2nn3cc(-c4ccccc4)nc3s2)ccc1[N+](=O)[O-]
1,Oc1ccc(-c2nc(-c3ccncc3)c(-c3ccc(F)cc3)[nH]2)cc1
0,CC(=O)Nc1ccc(NC(=O)c2ccc([N+](=O)[O-])o2)cc1
1,CC1C(=O)C(C)C(c2cc(Br)ccc2O)NC1c1cc(Br)ccc1O
1,N#CC(C(=O)C=Cc1ccc(Br)cc1)c1nc2ccccc2s1
0,N#Cc1cccc([N+](=O)[O-])c1C#N
0,CCCCC(CC)CNC(=N)NC(=N)NCCCCCCNC(=N)NC(=N)NCC(CC)CCCC
1,CC(=O)c1cccc(NC(=O)Cc2c(C)nn(-c3nc(C)c(C)s3)c2O)c1
1,Cc1cc(C)c(OCC(=O)NNC(=O)c2cc(-c3ccccc3)n[nH]2)c(C)c1
0,CCCn1c(NC(=O)c2ccc(NC(=O)OCC)cc2)nc2ccccc21
1,CC(C)(C)C1CCc2sc(-c3nnc(Cn4cnc(C#N)n4)o3)cc2C1
1,O=C(Nc1cccc([N+](=O)[O-])c1)NC(C(F)(F)F)C(F)(F)F
1,Cc1ccc(S(=O)(=O)Nc2ccc(F)cc2C(=O)O)c(Cl)c1
0,Oc1c(Br)cc(CN2CCCCC2)c2cccnc12
0,O=[N+]([O-])c1ccc(C=Nc2ccc(Br)cc2)o1
0,Cc1nc(N)nc(NN=Cc2ccccn2)n1
1,CC1CNC(=Nc2cccc3cccnc23)S1
0,Cc1cc(C(=O)Nc2[nH]c(=O)ncc2F)nc2ccccc12
0,Cc1cc(C)c2ccc(NN)nc2c1O
